year,VADM
-1997000,0.9634393257138136
-1996000,0.9547188487201098
-1995000,0.9388704413412726
-1994000,0.9204405672824143
-1993000,0.905041669026964
-1992000,0.8785334738649544
-1991000,0.85306557124564
-1990000,0.8241043405817194
-1989000,0.8037223126155814
-1988000,0.7751977479572367
-1987000,0.7426532874240331
-1986000,0.7652058023002388
-1985000,0.7573715004354977
-1984000,0.756408266599669
-1983000,0.7925873294733999
-1982000,0.7728217711621923
-1981000,0.7451962247506213
-1980000,0.6893415053903598
-1979000,0.6399340311712459
-1978000,0.5976159579838324
-1977000,0.5666255147057659
-1976000,0.5568519020515561
-1975000,0.5724434470741722
-1974000,0.6122956416418639
-1973000,0.6697300644928846
-1972000,0.7127801953955281
-1971000,0.7164276408538667
-1970000,0.6956089468821527
-1969000,0.6653634044371273
-1968000,0.6794009322046062
-1967000,0.6496562713542117
-1966000,0.6437484371611282
-1965000,0.6569383191530778
-1964000,0.6839345527919072
-1963000,0.7018635452561347
-1962000,0.6888791531491619
-1961000,0.6493480365267466
-1960000,0.5964857636164599
-1959000,0.5381523225186655
-1958000,0.48555975508241106
-1957000,0.4719332070848858
-1956000,0.44733863647672284
-1955000,0.4273419020449161
-1954000,0.4238871033537434
-1953000,0.396685379829937
-1952000,0.3853449068027789
-1951000,0.3640895468254893
-1950000,0.34485055634453465
-1949000,0.32287598176982607
-1948000,0.29945013488246874
-1947000,0.2913718137793176
-1946000,-0.29107642206966344
-1945000,-0.2620509758166878
-1944000,-0.27788654007771385
-1943000,-0.2965861196106043
-1942000,-0.311818057334511
-1941000,-0.4080900684461505
-1940000,-0.49690022810956924
-1939000,-0.5970893901535793
-1938000,-0.6762543683408986
-1937000,-0.7291808568402405
-1936000,-0.7531846440290951
-1935000,-0.8014619238808364
-1934000,-0.8136243564479019
-1933000,-0.8172974881418624
-1932000,-0.8414040202732054
-1931000,-0.8863035601406404
-1930000,-0.9265667344782857
-1929000,-0.9524969893387979
-1928000,-0.9692957874356528
-1927000,-0.9699636295618276
-1926000,-0.9557462981449939
-1925000,-0.9262584996508204
-1924000,-0.8867530692640271
-1923000,-0.8481081277705741
-1922000,-0.8090136771537345
-1921000,-0.7650516848865064
-1920000,-0.7218345934523192
-1919000,-0.6883654284367199
-1918000,-0.6650808558452842
-1917000,-0.6532651874591171
-1916000,-0.6545880285936554
-1915000,-0.6641946807163215
-1914000,-0.6746746648501394
-1913000,-0.6790798542593299
-1912000,-0.674571919907651
-1911000,-0.6631287019380043
-1910000,-0.6418861850785258
-1909000,-0.6193336702023199
-1908000,-0.6090977053069122
-1907000,-0.6162898512811008
-1906000,-0.6327675714326795
-1905000,-0.6457776497752743
-1904000,-0.6417449107826042
-1903000,-0.6287605186756314
-1902000,-0.6531624425166286
-1901000,-0.6754067225653693
-1900000,-0.7108537277238705
-1899000,-0.7322503619970817
-1898000,-0.7533516045606388
-1897000,-0.7938844843723162
-1896000,-0.8628006545464166
-1895000,-0.9461653322579497
-1894000,-1.0340379443211618
-1893000,-1.089070704141516
-1892000,-1.1199455593592829
-1891000,-1.139813862612979
-1890000,-1.197017109343401
-1889000,-1.2295487267587935
-1888000,-1.2442926260058802
-1887000,-1.260089660913473
-1886000,-1.2711732715844104
-1885000,-1.2679368058960254
-1884000,-1.251805849925345
-1883000,-1.2251306942317919
-1882000,-1.190968000854396
-1881000,-1.1582951091430818
-1880000,-1.1344197531323377
-1879000,-1.11465419482113
-1878000,-1.0997048056890664
-1877000,-1.0781540540021224
-1876000,-1.0316619675261172
-1875000,-0.9772842067141266
-1874000,-0.9229449752555692
-1873000,-0.872664169025304
-1872000,-0.8232566948061901
-1871000,-0.7747610819516609
-1870000,-0.7371179036474701
-1869000,-0.7343566333180941
-1868000,-0.7550212098760753
-1867000,-0.7706512842521246
-1866000,-0.7797570547801599
-1865000,-0.7560101299475264
-1864000,-0.7263553709218091
-1863000,-0.6860665103485418
-1862000,-0.7538139568018366
-1861000,-0.8434332328873515
-1860000,-0.9075589201179299
-1859000,-0.9381769129794759
-1858000,-0.9515465986207802
-1857000,-0.9594708023101988
-1856000,-0.9901273245251778
-1855000,-1.0293758925557501
-1854000,-1.022838745589925
-1853000,-0.9983982923954947
-1852000,-1.0237249207188877
-1851000,-1.0186775754191446
-1850000,-1.0168923820434086
-1849000,-1.0442225367453253
-1848000,-1.1220646737981064
-1847000,-1.2202759956992146
-1846000,-1.2975401924504983
-1845000,-1.3125666402894283
-1844000,-1.2686945498468776
-1843000,-1.192008293397091
-1842000,-1.112445178557629
-1841000,-1.0303262832737679
-1840000,-0.9396153421743136
-1839000,-0.8639565351494113
-1838000,-0.8335311890550311
-1837000,-0.8500345954422318
-1836000,-0.8635455553794577
-1835000,-0.840029806667423
-1834000,-0.8071000525998878
-1833000,-0.760954730304781
-1832000,-0.7126260779817954
-1831000,-0.6564759669118798
-1830000,-0.5970380176823351
-1829000,-0.5353139934824233
-1828000,-0.5030135521876296
-1827000,-0.4875247521075019
-1826000,-0.48146280050068574
-1825000,-0.4699553669419839
-1824000,-0.47699339550243997
-1823000,-0.5349800724193359
-1822000,-0.6146716184369083
-1821000,-0.6835235730219535
-1820000,-0.7304780117391566
-1819000,-0.7682110918680248
-1818000,-0.7716787336770087
-1817000,-0.7654241353030268
-1816000,-0.786307044863796
-1815000,-0.8223833627950387
-1814000,-0.8414040202732054
-1813000,-0.8160517057141904
-1812000,-0.7700990301862495
-1811000,-0.7144369575931537
-1810000,-0.6627819377571059
-1809000,-0.6177668098293717
-1808000,-0.5847599970549702
-1807000,-0.5712747233533665
-1806000,-0.5640440480257447
-1805000,-0.5573913129996202
-1804000,-0.5426730999881556
-1803000,-0.5072389379474654
-1802000,-0.4874476934006356
-1801000,-0.4605927340577276
-1800000,-0.43955570708322583
-1799000,-0.42680249109685203
-1798000,-0.4304884659086237
-1797000,-0.4123411404416084
-1796000,-0.38110667792513203
-1795000,-0.38113236416075413
-1794000,-0.3877850991868786
-1793000,-0.3867704928798055
-1792000,-0.386629218583884
-1791000,-0.39280675825099964
-1790000,-0.40791026479679576
-1789000,-0.43191405198565036
-1788000,-0.46425302263387724
-1787000,-0.4975423840001218
-1786000,-0.5251936166473149
-1785000,-0.5465902509205262
-1784000,-0.5617322868197555
-1783000,-0.5767458915408743
-1782000,-0.6006983062584847
-1781000,-0.6122185829349975
-1780000,-0.6028944794041744
-1779000,-0.5818446093118615
-1778000,-0.5256816551241349
-1777000,-0.46477959046413025
-1776000,-0.38692461029353814
-1775000,-0.3284370517820112
-1774000,-0.30770825963497467
-1773000,-0.266867144995832
-1772000,-0.21125644487398046
-1771000,-0.18485099465445928
-1770000,-0.19706479969276894
-1769000,-0.21641937823402302
-1768000,-0.24606129414192912
-1767000,0.3003363100114313
-1766000,0.3669407189795426
-1765000,0.4770319248558731
-1764000,0.6126295627049512
-1763000,0.6631929175270596
-1762000,0.6603931178442505
-1761000,0.6613820379157015
-1760000,0.7113160799650682
-1759000,0.7807331317337998
-1758000,0.8188001329257554
-1757000,0.8388353967109953
-1756000,0.883465231104398
-1755000,0.9759613655795883
-1754000,1.0788861117173523
-1753000,1.1139863526949552
-1752000,1.1165806624927874
-1751000,1.0929878550738865
-1750000,1.0449545944605552
-1749000,0.9861074286503189
-1748000,0.9580066868797389
-1747000,0.9480917999296075
-1746000,0.942209651972146
-1745000,0.921390958000432
-1744000,0.8978366799349643
-1743000,0.8997888338422441
-1742000,0.9061590202765253
-1741000,0.895743251731763
-1740000,0.8537205702540036
-1739000,0.8399655910783678
-1738000,0.959522174781443
-1737000,1.0791172878379514
-1736000,1.0937712852603607
-1735000,1.1066786186604671
-1734000,1.1045595042216436
-1733000,1.1024532329006314
-1732000,1.1073593039044527
-1731000,1.1199070300058498
-1730000,1.1296164270710045
-1729000,1.1243635918862847
-1728000,1.097816867370842
-1727000,1.0527375238540522
-1726000,1.0209122779182676
-1725000,1.0161089518569344
-1724000,1.0186133598300893
-1723000,1.0415640113584377
-1722000,1.0701142622524045
-1721000,1.088556979429074
-1720000,1.0989727479738363
-1719000,1.1007579413495725
-1718000,1.1034935254433265
-1717000,1.1108397888312476
-1716000,1.1257891779633111
-1715000,1.1546990361559872
-1714000,1.1846235006557366
-1713000,1.2111830682889904
-1712000,1.2382049881634418
-1711000,1.2491986970097018
-1710000,1.247259386220233
-1709000,1.231423821959207
-1708000,1.204299157142267
-1707000,1.1400578818513891
-1706000,1.074275432423185
-1705000,1.0440941055672148
-1704000,1.0691253421809535
-1703000,1.0907403094569526
-1702000,1.0864892374614947
-1701000,1.0614451577299449
-1700000,1.0385715649084628
-1699000,1.0304932438053116
-1698000,1.0170850288105742
-1697000,0.9953159441208426
-1696000,0.9715690192882089
-1695000,0.9510457170261492
-1694000,0.9377530900917113
-1693000,0.9288142800952196
-1692000,0.9257704611740004
-1691000,0.926181440943954
-1690000,0.9363018177790624
-1689000,0.9548344367804092
-1688000,0.9760769536398879
-1687000,0.9963433935457267
-1686000,1.0247780563793938
-1685000,1.0572839875591644
-1684000,1.1165036037859213
-1683000,1.1843281089460824
-1682000,1.197312501053055
-1681000,1.1966446589268804
-1680000,1.1908909421475296
-1679000,1.1668486256052417
-1678000,1.1604527529353383
-1677000,1.1968373056940462
-1676000,1.1422668981148898
-1675000,1.1240810432944415
-1674000,1.091305406640639
-1673000,1.0660686801419232
-1672000,1.0604177083050608
-1671000,1.0584013388087259
-1670000,1.0029062267471738
-1669000,1.0767284679250957
-1668000,1.0692024008878198
-1667000,1.0292217751420176
-1666000,0.9725836255952819
-1665000,0.9394869109962031
-1664000,0.9514566967961028
-1663000,0.9799812614544475
-1662000,1.0271283469388162
-1661000,1.0984847094970165
-1660000,1.1259304522592328
-1659000,1.0925511890683108
-1658000,1.1383497471825192
-1657000,1.1929329978794867
-1656000,1.2333246033952425
-1655000,1.2382948899881192
-1654000,1.2974117612723879
-1653000,1.3283636751970211
-1652000,1.3365832705960938
-1651000,1.3216852539352744
-1650000,1.3064019437401238
-1649000,1.2387058697580728
-1648000,1.1189181099343988
-1647000,0.9973579998527996
-1646000,0.9467946450306912
-1645000,0.9363275040146846
-1644000,0.935184466529501
-1643000,0.947000134915668
-1642000,0.9856450764091209
-1641000,1.0591205534061445
-1640000,1.1067685204851445
-1639000,1.0966096142966029
-1638000,1.0870543346451809
-1637000,1.067481423101139
-1636000,1.0426813626079992
-1635000,1.0280016789499677
-1634000,1.0286309917227092
-1633000,1.0292603044954507
-1632000,1.026344916752342
-1631000,1.034320492913005
-1630000,1.0100341571323073
-1629000,0.9429288665695649
-1628000,0.8775060244400703
-1627000,0.799329966324202
-1626000,0.7240179234801979
-1625000,0.6584923364082148
-1624000,0.5880735214502214
-1623000,0.542300649571635
-1622000,0.5134678500858252
-1621000,0.5336700744026087
-1620000,0.5947262564763459
-1619000,0.6830483776629447
-1618000,0.7723208895675614
-1617000,0.8492383221379467
-1616000,0.901278635508326
-1615000,0.9194388040931523
-1614000,0.9516365004454576
-1613000,1.02656324975513
-1612000,1.0106763130228598
-1611000,1.0308271648683989
-1610000,1.048884588510737
-1609000,1.0222222759349948
-1608000,0.998693684105149
-1607000,0.9580066868797389
-1606000,0.9351074078226347
-1605000,0.9385622065138075
-1604000,0.9493761117107126
-1603000,0.977874990133435
-1602000,0.9891255613359158
-1601000,0.9792363606214065
-1600000,0.9669069675227974
-1599000,0.9513411087358032
-1598000,0.9431600426901637
-1597000,0.9423766125036896
-1596000,0.9638888348372003
-1595000,0.996202119249805
-1594000,1.0292603044954507
-1593000,1.0585169268690253
-1592000,1.0791943465448175
-1591000,1.0922814835942787
-1590000,1.0909971718131737
-1589000,1.0744295498369176
-1588000,1.0600966303597845
-1587000,1.0588508479321126
-1586000,1.0808382656246323
-1585000,1.0998974524562322
-1584000,1.1167989954955753
-1583000,1.1319025020413715
-1582000,1.1355756337353322
-1581000,1.137270925286391
-1580000,1.1383882765359523
-1579000,1.138028669237243
-1578000,1.134265635718605
-1577000,1.125005747776837
-1576000,1.1190208548768872
-1575000,1.1093243009295437
-1574000,1.1004368634042963
-1573000,1.057219771970109
-1572000,1.0110872927928132
-1571000,0.963554913774113
-1570000,0.933694664863419
-1569000,0.9157271430457585
-1568000,0.8856742473678987
-1567000,0.8479026378855974
-1566000,0.8048653501007649
-1565000,0.7616482586665778
-1564000,0.7291680137224293
-1563000,0.6809292632241213
-1562000,0.6630002707598938
-1561000,0.6703465341478151
-1560000,0.7147323493028078
-1559000,0.767466191034984
-1558000,0.8522821410591658
-1557000,0.918128806076425
-1556000,1.0431051854957638
-1555000,1.0869387465848814
-1554000,1.1954374058526416
-1553000,1.2552349623808958
-1552000,1.2303706862987007
-1551000,1.1756461613058118
-1550000,1.1765708657882075
-1549000,1.114679881056752
-1548000,1.1244663368287728
-1547000,1.1638561791552668
-1546000,1.2224207963736602
-1545000,1.2930451012166304
-1544000,1.2963843118475038
-1543000,1.2879078540922098
-1542000,1.2968980365599458
-1541000,1.30550292549335
-1540000,1.2336328382227078
-1539000,1.2174633528985943
-1538000,1.218349528027557
-1537000,1.2245912832837278
-1536000,1.1966318158090694
-1535000,1.168672348334411
-1534000,1.0964683400006814
-1533000,0.9938775149260047
-1532000,0.9288271232130307
-1531000,0.7968512445866689
-1530000,0.7432954433145856
-1529000,0.6809035769884992
-1528000,0.6361324682991748
-1527000,0.616585242990755
-1526000,0.6574006713942756
-1525000,0.7533130752072056
-1524000,0.8031957447853283
-1523000,0.8275848255085143
-1522000,0.9016382428070354
-1521000,0.9840782160361727
-1520000,1.0564363417836349
-1519000,1.1349591640804018
-1518000,1.1668614687230527
-1517000,1.2042606277888337
-1516000,1.2338640143433066
-1515000,1.2408121410790853
-1514000,1.2491473245384577
-1513000,1.25271771128993
-1512000,1.2457695845541512
-1511000,1.2448577231895666
-1510000,1.2508554592073273
-1509000,1.290733340010641
-1508000,1.3287489687313525
-1507000,1.3585450020529914
-1506000,1.3299048493343473
-1505000,1.2756812059360894
-1504000,1.2127499286619385
-1503000,1.149317769793157
-1502000,1.1014899990648024
-1501000,1.0955564786360967
-1500000,1.106922637898877
-1499000,1.0593132001733105
-1498000,1.004986811832564
-1497000,0.9071993128192206
-1496000,0.9069938229342437
-1495000,0.8984788358255168
-1494000,0.8780069060347013
-1493000,0.8642133975056324
-1492000,0.8475430305868878
-1491000,0.8319386424464607
-1490000,0.819673464936907
-1489000,0.836536478622817
-1488000,0.8695689776328406
-1487000,0.8910298274951071
-1486000,0.9000842255518982
-1485000,0.8746163229325838
-1484000,0.8289718822321079
-1483000,0.8185689568051565
-1482000,0.8471962664059894
-1481000,0.9026785353497305
-1480000,0.9667785363446868
-1479000,1.0299153035038142
-1478000,1.1206262446032687
-1477000,1.182440170627858
-1476000,1.2195567811017958
-1475000,1.2588310353679901
-1474000,1.2584328987158475
-1473000,1.2450632130745432
-1472000,1.2465144853871921
-1471000,1.250046342785231
-1470000,1.1951034847895543
-1469000,1.0881845290125534
-1468000,0.984386450863638
-1467000,0.9361733866009518
-1466000,0.9092798979046108
-1465000,0.8886666938178737
-1464000,0.8900665936592783
-1463000,0.8913509054403834
-1462000,0.9592010968361666
-1461000,0.9958425119510956
-1460000,1.0344360809733044
-1459000,1.0770752321059942
-1458000,1.098600297557316
-1457000,1.1157715460706914
-1456000,1.1494205147356453
-1455000,1.1957841700335399
-1454000,1.1155403699500923
-1453000,1.0638853501140446
-1452000,1.0110744496750024
-1451000,0.9438407279341495
-1450000,0.8604118346335612
-1449000,0.7570247362545993
-1448000,0.7123435293899524
-1447000,0.7220657695729181
-1446000,0.8000748671572427
-1445000,0.8599109530389302
-1444000,0.9101018574445181
-1443000,0.9433526894573294
-1442000,0.9589185482443235
-1441000,0.9738165649051429
-1440000,0.9910648721253845
-1439000,1.028823638489875
-1438000,1.0620487842670643
-1437000,1.0821225774057373
-1436000,1.0879276666563324
-1435000,1.0778971916459015
-1434000,1.0709747511457448
-1433000,1.0661971113200337
-1432000,1.07910444472014
-1431000,1.071308672208832
-1430000,1.0420777360708797
-1429000,1.0020971103250775
-1428000,0.9681912793039025
-1427000,0.9552197303147407
-1426000,0.9600872719651292
-1425000,0.807395444309542
-1424000,0.8071128957176988
-1423000,0.7862556723925518
-1422000,0.7555606208241396
-1421000,0.7351785928580014
-1420000,0.717300972865018
-1419000,0.697663845731921
-1418000,0.6754966243900465
-1417000,0.6517240133217909
-1416000,0.640704618239909
-1415000,0.6340518832137846
-1414000,0.6293769883305619
-1413000,0.6176255355334501
-1412000,0.5869433270828489
-1411000,0.5500835789651322
-1410000,0.5212764657149443
-1409000,0.4983386573044069
-1408000,0.48039682172236847
-1407000,0.4644841987544761
-1406000,0.47411653711276447
-1405000,0.4972855216439008
-1404000,0.5116954998279002
-1403000,0.5403741818999774
-1402000,0.5513550476284261
-1401000,0.5757312852338012
-1400000,0.617856711654049
-1399000,0.6616260571541113
-1398000,0.696931788016691
-1397000,0.7189320488270217
-1396000,0.7560358161831484
-1395000,0.7885931198341631
-1394000,0.8181579770352029
-1393000,0.8396445131330914
-1392000,0.8405820607332981
-1391000,0.8207651299508463
-1390000,0.7892224326069046
-1389000,0.7855493009129441
-1388000,0.7854979284416997
-1387000,0.8065606416518236
-1386000,0.855852527810638
-1385000,0.8926223741036774
-1384000,0.9293665341610948
-1383000,0.9673693197639952
-1382000,1.0046657338872877
-1381000,1.0759578808564327
-1380000,1.128023880462434
-1379000,1.1443603263180913
-1378000,1.1466078719350252
-1377000,1.1123424336151406
-1376000,1.081814342578272
-1375000,1.053675071454259
-1374000,1.0291960889063954
-1373000,1.0069518088576548
-1372000,1.0052308310709739
-1371000,1.015286992317027
-1370000,1.0400099941033005
-1369000,1.0696904393646398
-1368000,1.0586196718115135
-1367000,1.039329308859315
-1366000,1.0428354800217319
-1365000,1.043400577205418
-1364000,1.0245211940231729
-1363000,1.0078636702222394
-1362000,1.008223277520949
-1361000,0.9977689796227532
-1360000,0.9571076686329653
-1359000,0.9294050635145279
-1358000,0.9324874117891803
-1357000,0.926630950067341
-1356000,0.9501210125437535
-1355000,0.9656997144485586
-1354000,0.9690774544328651
-1353000,0.9584176666496925
-1352000,0.9591111950114892
-1351000,0.9269391848948062
-1350000,0.8790857279308295
-1349000,0.8780711216237566
-1348000,0.8753483806478136
-1347000,0.8748346559353717
-1346000,0.8481851864774405
-1345000,0.8341476587099615
-1344000,0.8056744665228611
-1343000,0.7626114925024067
-1342000,0.7234399831787005
-1341000,0.690163464930267
-1340000,0.6651836007877725
-1339000,0.6426953015006219
-1338000,0.6277972848398026
-1337000,0.5957023334299858
-1336000,0.5678199246621938
-1335000,0.5511238715078273
-1334000,0.5522283796395776
-1333000,0.5687831584980225
-1332000,0.6013918346202815
-1331000,0.6496434282364006
-1330000,0.6979977667950082
-1329000,0.7746840232447947
-1328000,0.8650225139277284
-1327000,0.9112705811653237
-1326000,0.9216478203566532
-1325000,0.8990567761270142
-1324000,0.8926223741036774
-1323000,0.9108724445131812
-1322000,0.9583020785893931
-1321000,1.0436189102082059
-1320000,1.0989727479738363
-1319000,1.1314273066823626
-1318000,1.126007510966099
-1317000,1.1456317949813852
-1316000,1.1710996976006998
-1315000,1.2079209163649833
-1314000,1.2699018029211162
-1313000,1.285210799351889
-1312000,1.2501105583742864
-1311000,1.1450538546798879
-1310000,1.0959674584060506
-1309000,1.0938098146137938
-1308000,1.122026144444673
-1307000,1.1396340589636242
-1306000,1.1244149643575287
-1305000,1.1005652945824067
-1304000,1.0773963100512705
-1303000,1.0861424732805962
-1302000,1.1145386067608303
-1301000,1.1094912614610872
-1300000,1.0565519298439343
-1299000,1.0422061672489904
-1298000,1.065747602196647
-1297000,0.893534235468262
-1296000,0.883221211865988
-1295000,0.9040912783089461
-1294000,0.9145584193249527
-1293000,0.9106797977460155
-1292000,0.9068525486383221
-1291000,0.9121567562942863
-1290000,0.9305737872353337
-1289000,0.9478220944555753
-1288000,0.9442902370575362
-1287000,0.9423637693858786
-1286000,0.9565040420958458
-1285000,0.9985138804557943
-1284000,1.0387642116756286
-1283000,1.0746992553109498
-1282000,1.099152551623191
-1281000,1.0833940460690312
-1280000,1.0463801805375819
-1279000,1.0040492642323573
-1278000,0.9534473800568158
-1277000,0.8944846261862799
-1276000,0.8211247372495556
-1275000,0.7356537882170102
-1274000,0.6686769288323784
-1273000,0.6482692146306182
-1272000,0.662537918518696
-1271000,0.7541093485114907
-1270000,0.8136115133300907
-1269000,0.8369089290393376
-1268000,0.8163470974238447
-1267000,0.7779718614044238
-1266000,0.8378207904039222
-1265000,0.9001227549053313
-1264000,0.9609606039762806
-1263000,1.0193582606631302
-1262000,1.0636927033468788
-1261000,1.0184849286519788
-1260000,0.9217248790635194
-1259000,0.860874186874759
-1258000,0.779037840182741
-1257000,0.6889690549738392
-1256000,0.7000783518803986
-1255000,0.7686220716379785
-1254000,0.8213302271345325
-1253000,0.8436001934188953
-1252000,0.8422773522843569
-1251000,0.8051864280460412
-1250000,0.7452732834574876
-1249000,0.6918202271278926
-1248000,0.6551274395417195
-1247000,0.6396129532259697
-1246000,0.6242012118527083
-1245000,0.6285036563194105
-1244000,0.6556540073719727
-1243000,0.7002709986475643
-1242000,0.7315825198709069
-1241000,0.748394161085573
-1240000,0.770240304482171
-1239000,0.8064964260627684
-1238000,0.8379877509354657
-1237000,0.8343274623593163
-1236000,0.8019499623576563
-1235000,0.7531075853222287
-1234000,0.6571438090380545
-1233000,0.6014432070915257
-1232000,0.5751405018144928
-1231000,0.5539236711906363
-1230000,0.5247441075239282
-1229000,0.49446003572546954
-1228000,0.5019475734093124
-1227000,0.5164602965358002
-1226000,0.5187463715061672
-1225000,0.5027438467135975
-1224000,0.4986340490140611
-1223000,0.47525957459794804
-1222000,0.4787914319959871
-1221000,0.48445524695066067
-1220000,0.4825030930433809
-1219000,0.47699339550243997
-1218000,0.4776355513929925
-1217000,0.49620669974777243
-1216000,0.5111175595264028
-1215000,0.5149319655162851
-1214000,0.5153301021684277
-1213000,0.5214048968930548
-1212000,0.5130183409624385
-1211000,0.5152273572259393
-1210000,0.5074444278324423
-1209000,0.4624806723759521
-1208000,0.44099413627806355
-1207000,0.4479294198960312
-1206000,0.43744943576221346
-1205000,0.3984962594412953
-1204000,0.3627538625731399
-1203000,0.3256629383348242
-1202000,0.3170195200479867
-1201000,0.31091903908773744
-1200000,0.3001179770086434
-1199000,0.26818998613037026
-1198000,0.24057728283661023
-1197000,0.23868934451838572
-1196000,0.24115522313810756
-1195000,0.22962210334378363
-1194000,0.1999416580824444
-1193000,0.17787718168305852
-1192000,0.16940072392776473
-1191000,0.1556329016343179
-1190000,-0.12543359441341223
-1189000,-0.1288678441160873
-1188000,-0.17158405395564344
-1187000,-0.22019525487047206
-1186000,0.2712466481694004
-1185000,0.30478002877405497
-1184000,0.3013637594363154
-1183000,0.36042925824933963
-1182000,0.4475312832438886
-1181000,0.49832581418659594
-1180000,0.6377635442611783
-1179000,0.7319549702874275
-1178000,0.6981261979731187
-1177000,0.6270010115355175
-1176000,0.5684363943171241
-1175000,0.6041787911852796
-1174000,0.6288632636181198
-1173000,0.629633850686783
-1172000,0.628914636089364
-1171000,0.6192180821420205
-1170000,0.6193721995557531
-1169000,0.6431833399774419
-1168000,0.6796064220895829
-1167000,0.7031350139194287
-1166000,0.7190219506516989
-1165000,0.7370793742940369
-1164000,0.7764563735027198
-1163000,0.8492254790201356
-1162000,0.9128759708917051
-1161000,0.9312159431258862
-1160000,0.9454075883070977
-1159000,0.9832048840250212
-1158000,0.9968956476116018
-1157000,1.008518669230603
-1156000,1.0164171866843994
-1155000,0.9502366006040529
-1154000,0.946229547847005
-1153000,0.9681270637148471
-1152000,0.9532547332896499
-1151000,0.9385236771603742
-1150000,0.9484642503461279
-1149000,0.9800583201613138
-1148000,1.0002733875959082
-1147000,0.9809573384080874
-1146000,0.9287243782705423
-1145000,0.8689139786244771
-1144000,0.8463743068660823
-1143000,0.8474916581156438
-1142000,0.8602191878663954
-1141000,0.8719706406635072
-1140000,0.8926352172214885
-1139000,0.9187452757313556
-1138000,0.9450993534796325
-1137000,0.9501595418971867
-1136000,0.9713506862854211
-1135000,0.9813426319424189
-1134000,0.946512096438848
-1133000,0.891235317380084
-1132000,0.8373455950449132
-1131000,0.8328376606932343
-1130000,0.8229741462143471
-1129000,0.7781131357003453
-1128000,0.7615069843706561
-1127000,0.7558431694159827
-1126000,0.7612629651322463
-1125000,0.7678386414515044
-1124000,0.7864740053953396
-1123000,0.808898089093435
-1122000,0.8329532487535338
-1121000,0.8823350367370255
-1120000,0.8661013358238568
-1119000,0.8459119546248843
-1118000,0.8639565351494113
-1117000,0.8589734054387234
-1116000,0.863879476442545
-1115000,0.872895345145903
-1114000,0.8354448136088777
-1113000,0.7897875297905909
-1112000,0.8055845646981837
-1111000,0.8270839439138834
-1110000,0.8214201289592099
-1109000,0.7975062435950325
-1108000,0.7873987098777354
-1107000,0.7829678342329226
-1106000,0.7480730831402967
-1105000,0.6937338516817392
-1104000,0.6674054601690844
-1103000,0.7038028560456034
-1102000,0.7485868078527388
-1101000,0.8085770111481587
-1100000,0.8519353768782675
-1099000,0.8690552529203985
-1098000,0.861362225351579
-1097000,0.8275719823907034
-1096000,0.8171176844925077
-1095000,0.8118520061899767
-1094000,0.8201871896493489
-1093000,0.8073569149561088
-1092000,0.8008968266971501
-1091000,0.815152687467417
-1090000,0.8321569754492486
-1089000,0.840530688262054
-1088000,0.8565203699368127
-1087000,0.902537261053809
-1086000,0.961782563516188
-1085000,0.9524199306319316
-1084000,0.8996732457819445
-1083000,0.8799462168241701
-1082000,0.8753740668834358
-1081000,0.8160260194785683
-1080000,0.7881179244751543
-1079000,0.705189912769197
-1078000,0.6066446698050013
-1077000,0.5533714171247611
-1076000,0.5436877062952286
-1075000,0.5374844803924909
-1074000,0.4806023116073453
-1073000,0.4070369327856443
-1072000,0.36637562179585637
-1071000,0.33796664519781117
-1070000,0.29668886455309273
-1069000,0.23832973721967632
-1068000,0.1738059133369553
-1067000,-0.2930028897413211
-1066000,-0.3753529611457811
-1065000,-0.5583160174820159
-1064000,-0.8165140579553883
-1063000,-1.0486790986257601
-1062000,-1.1823117394497473
-1061000,-1.344417572460835
-1060000,-1.3929645577866083
-1059000,-1.3805067335098888
-1058000,-1.339665618870746
-1057000,-1.256801822753844
-1056000,-1.237704106568811
-1055000,-1.2551193743205964
-1054000,-1.2513691839197694
-1053000,-1.234429111526993
-1052000,-1.2049156267971974
-1051000,-1.1879113388153657
-1050000,-1.1673366640820617
-1049000,-1.1248131010096714
-1048000,-1.0859626696312414
-1047000,-1.0324710839482136
-1046000,-0.9895750704593027
-1045000,-0.9481174861652296
-1044000,-0.9227523284884035
-1043000,-0.9345423106389484
-1042000,-0.9469872917978569
-1041000,-0.9429673959229979
-1040000,-0.9519704215085449
-1039000,-0.9687306902519666
-1038000,-0.9842451765677165
-1037000,-1.0083260224634374
-1036000,-1.0389183290893613
-1035000,-1.083573849718386
-1034000,-1.107384990140075
-1033000,-1.0988186305601038
-1032000,-1.0809153243314984
-1031000,-1.070255536548326
-1030000,-1.0547410502325762
-1029000,-1.0379422521357213
-1028000,-0.9920537921968355
-1027000,-0.9627714835876389
-1026000,-0.967330790410562
-1025000,-0.9724423512993604
-1024000,-0.9502751299574861
-1023000,-0.9383824028644527
-1022000,-0.9522015976291438
-1021000,-0.9722882338856278
-1020000,-0.9798399871585258
-1019000,-0.9905639905307535
-1018000,-1.012230330277997
-1017000,-1.033832454436185
-1016000,-1.062703783275428
-1015000,-1.0733892572942225
-1014000,-1.0593902588801767
-1013000,-1.0506184094152289
-1012000,-1.0459178282963841
-1011000,-1.0512862515414034
-1010000,-1.033318729723743
-1009000,-1.01825375253138
-1008000,-0.9862615460640515
-1007000,-0.9492990530038462
-1006000,-0.9307022184134441
-1005000,-0.8980164835843188
-1004000,-0.8839147402277847
-1003000,-0.85233351353041
-1002000,-0.8337752082934411
-1001000,-0.8212788546632883
-1000000,-0.8245281634694842
-999000,-0.8034654502593604
-998000,-0.7793203887745842
-997000,-0.7737978481158322
-996000,-0.7551881704076191
-995000,-0.748663866559605
-994000,-0.7286286027743653
-993000,-0.6958529661205627
-992000,-0.6509662693709389
-991000,-0.5979498790469198
-990000,-0.5502633826144868
-989000,-0.5357763457236211
-988000,-0.5059674692841714
-987000,-0.4244907298908628
-986000,-0.3410489934724635
-985000,-0.2709127271063131
-984000,0.21798623860697128
-983000,0.22750298890496018
-982000,0.309287963125734
-981000,0.4269694516283957
-980000,0.5152915728149945
-979000,0.6536890103468818
-978000,0.8203798364165147
-977000,0.9514181674426697
-976000,1.0345002965623595
-975000,1.0669676983886969
-974000,1.037608331072634
-973000,0.9833590014387539
-972000,0.9374833846176791
-971000,0.9112834242831348
-970000,0.8779940629168902
-969000,0.8671159421309298
-968000,0.877955533563457
-967000,0.9042839250761119
-966000,0.9461396460223276
-965000,1.031109713460242
-964000,1.0741213150094524
-963000,1.0773449375800261
-962000,1.0715655345650532
-961000,1.047869982203664
-960000,1.058966435992412
-959000,1.0961601051732162
-958000,1.0991653947410023
-957000,1.1162595845475112
-956000,1.1544678600353884
-955000,1.152104726358155
-954000,1.1363333776861841
-953000,1.1232719268723452
-952000,1.0901366829198331
-951000,1.0442096936275143
-950000,1.0284897174267877
-949000,0.9917969298406145
-948000,0.9169729254734303
-947000,0.8516014558151801
-946000,0.8022453540673106
-945000,0.7399562326837125
-944000,0.7288726220127753
-943000,0.7550854254651306
-942000,0.6340904125672177
-941000,0.6519166600889568
-940000,0.6596096876577763
-939000,0.6657358548536478
-938000,0.8068175040080448
-937000,0.7380554512476768
-936000,0.6604444903154947
-935000,0.6031898711138286
-934000,0.5774651061382932
-933000,0.5619506198225434
-932000,0.552087105343656
-931000,0.521944307841119
-930000,0.48083348772794426
-929000,0.47095713013124596
-928000,0.47302487209882516
-927000,0.5024869843573765
-926000,0.5663686523495449
-925000,0.6577089062217407
-924000,0.7445925982135019
-923000,0.8291003134102185
-922000,0.8661783945307231
-921000,0.8685672144435785
-920000,0.9093697997292882
-919000,0.9805720448737557
-918000,1.029838244796948
-917000,1.0693950476549856
-916000,1.0966738298856582
-915000,1.1240553570588192
-914000,1.1674907814957942
-913000,1.1863187922067953
-912000,1.219325604981197
-911000,1.2570586851100651
-910000,1.275642676582656
-909000,1.298696073053493
-908000,1.3191166303730641
-907000,1.3182176121262907
-906000,1.3432616918578404
-905000,1.3618842126838646
-904000,1.3699753769048268
-903000,1.3212999604009428
-902000,1.3221989786477166
-901000,1.3462156089543822
-900000,1.3092274296585549
-899000,1.2599098572641183
-898000,1.2338254849898735
-897000,1.2032203352461386
-896000,1.1906340797913084
-895000,1.2072916035922419
-894000,1.2084089548418033
-893000,1.1880269268756651
-892000,1.201101220807315
-891000,1.2384233211662299
-890000,1.2207511910582234
-889000,1.1384139627715744
-888000,1.0565005573726902
-887000,0.9640686384865551
-886000,0.860116442923907
-885000,0.7357308469238766
-884000,0.70522844212263
-883000,0.6722344724660396
-882000,0.6564631237940689
-881000,0.6736086860718221
-880000,0.6883654284367199
-879000,0.6771405434698612
-878000,0.730811932802244
-877000,0.8071128957176988
-876000,0.7913415470457281
-875000,0.7573201279642535
-874000,0.7172881297472071
-873000,0.6706547689752804
-872000,0.661060959970425
-871000,0.6991279611623807
-870000,0.7084649078110149
-869000,0.6884424871435861
-868000,0.6950823790518996
-867000,0.7384921172532526
-866000,0.8361768713241077
-865000,0.9322562356685813
-864000,0.9826911593125792
-863000,1.0244955077875506
-862000,1.1054456793506062
-861000,1.1187896787562883
-860000,1.1249929046590261
-859000,1.1334565192965087
-858000,1.1694429354030742
-857000,1.1445016006140127
-856000,1.0954922630470414
-855000,1.0494625288122341
-854000,1.015017286842995
-853000,0.9688462783122661
-852000,0.916626161292532
-851000,0.8586009550222029
-850000,0.8164883717197662
-849000,0.8235777727514665
-848000,0.8157049415332921
-847000,0.8308983499037655
-846000,0.8762987713658315
-845000,0.8849036602992357
-844000,0.8755538705327904
-843000,0.8694919189259743
-842000,0.8533866491909162
-841000,0.8483649901267952
-840000,0.8296140381226604
-839000,0.8236034589870885
-838000,0.8441909768382034
-837000,0.8629290857245273
-836000,0.882707487153546
-835000,0.9403602430073547
-834000,0.9632980514178919
-833000,0.9686793177807225
-832000,0.997435058559666
-831000,1.0482938050914286
-830000,1.0775761137006252
-829000,1.0933988348438402
-828000,1.1026073503143639
-827000,1.0817244407535946
-826000,1.0367863715327268
-825000,0.969308630553464
-824000,0.9165491025856658
-823000,0.8716110333647978
-822000,0.8634684966725914
-821000,0.8981834441158626
-820000,0.9558105137340491
-819000,0.9882008568535202
-818000,1.0101240589569846
-817000,1.0450573394030438
-816000,1.061740549439599
-815000,1.0500019397602982
-814000,1.0467141016006691
-813000,1.037107449478003
-812000,0.9865569377737056
-811000,0.9542950258323452
-810000,0.9400520081798893
-809000,0.9602157031432398
-808000,1.0033557358705605
-807000,1.0443638110412468
-806000,1.0615479026724333
-805000,1.0424887158408334
-804000,1.0157108152047918
-803000,0.960279918732295
-802000,0.8781096509771896
-801000,0.8119290648968431
-800000,0.7606721817129379
-799000,0.7181229324049254
-798000,0.6973427677866446
-797000,0.6704878084437367
-796000,0.6423356942019126
-795000,0.6295567919799167
-794000,0.602534872105465
-793000,0.5946363546516685
-792000,0.5997864448939
-791000,0.5967811553261141
-790000,0.5676272778950279
-789000,0.5516247531024582
-788000,0.5470911325151572
-787000,0.5318591947912504
-786000,0.504130903437191
-785000,0.47766123762861457
-784000,0.48500750101653584
-783000,0.5318206654378174
-782000,0.5963059599671052
-781000,0.651993718795823
-780000,0.6472032358523009
-779000,0.5850682318824354
-778000,0.5267861632558852
-777000,0.48283701410646823
-776000,0.42738043139834936
-775000,0.36055768942745015
-774000,0.29205249902330327
-773000,-0.2519305989815795
-772000,-0.3514390757816038
-771000,-0.5225350912604273
-770000,-0.613323091066748
-769000,-0.6698841819066172
-768000,-0.8004858469271964
-767000,-0.9420298483227912
-766000,-1.0360286275818746
-765000,-1.0637569189359342
-764000,-1.1293081922435393
-763000,-1.1924706456382888
-762000,-1.2624014221194624
-761000,-1.3225842721820482
-760000,-1.3978449425548078
-759000,-1.4813252083266404
-758000,-1.5639064558516993
-757000,-1.6512396569668473
-756000,-1.7415267751785368
-755000,-1.8370795716927573
-754000,-1.750131664111941
-753000,-1.6681925724774347
-752000,-1.5681446847293463
-751000,-1.5012320409337698
-750000,-1.4868477489853924
-749000,-1.494039894959581
-748000,-1.6174622571237827
-747000,-1.732022867998359
-746000,-1.677311186123281
-745000,-1.6295347878661706
-744000,-1.6468729969110898
-743000,-1.5920328838579014
-742000,-1.5418162932166912
-741000,-1.4946820508501335
-740000,-1.4294390123699936
-739000,-1.5113781040045002
-738000,-1.5059839945238587
-737000,-1.5021310591805432
-736000,-1.5138182963886
-735000,-1.4873614736978342
-734000,-1.4411262495780504
-733000,-1.4331635165351984
-732000,-1.4476762396616862
-731000,-1.4632164122130582
-730000,-1.465656604597158
-729000,-1.4855634372042874
-728000,-1.471949732324573
-727000,-1.3974596490204765
-726000,-1.3196303550855064
-725000,-1.2656635740434694
-724000,-1.2088969933186233
-723000,-1.1902873156104101
-722000,-1.199341713667201
-721000,-1.2159607081147012
-720000,-1.2544515321944216
-719000,-1.33311562878711
-718000,-1.3900106406900667
-717000,-1.4177517751619373
-716000,-1.4228890222863577
-715000,-1.4299527370824356
-714000,-1.4773438418052147
-713000,-1.5750799683473138
-712000,-1.6674219854087717
-711000,-1.7047954582389304
-710000,-1.6884846986188955
-709000,-1.6525239687479523
-708000,-1.6213151924670979
-707000,-1.5790613348687397
-706000,-1.4628311186787266
-705000,-1.3751126240292473
-704000,-1.305246063137129
-703000,-1.2518572223965894
-702000,-1.203567099427037
-701000,-1.1621737307220192
-700000,-1.1171072303230405
-699000,-1.0481011583242628
-698000,-0.9838470399155739
-697000,-0.9351973096473121
-696000,-0.9346707418170589
-695000,-0.9436866105204168
-694000,-0.9117072471708995
-693000,-0.8984274633542727
-692000,-0.936186229718763
-691000,-0.9962534917210493
-690000,-1.0528402687965406
-689000,-1.1166320349640317
-688000,-1.1745801825274946
-687000,-1.216371687884655
-686000,-1.2096804235050973
-685000,-1.1727307735627033
-684000,-1.1458886573376064
-683000,-1.133058382644366
-682000,-1.1639460809799442
-681000,-1.1857280087874869
-680000,-1.172679401091459
-679000,-1.1321208350441594
-678000,-1.1638947085087001
-677000,-1.1670926448436518
-676000,-1.1300787793122022
-675000,-1.101387254122314
-674000,-1.0069004363864107
-673000,-0.9887274246837733
-672000,-0.9966002559019477
-671000,-1.0443381248056247
-670000,-1.144861207912722
-669000,-1.1997270072015327
-668000,-1.2137516918512006
-667000,-1.2322329383813033
-666000,-1.2466942890365467
-665000,-1.3128235026456492
-664000,-1.3951478878144872
-663000,-1.500076160330775
-662000,-1.59421621388578
-661000,-1.7037680088140463
-660000,-1.8083109877960026
-659000,-1.8569864042998867
-658000,-1.8128060790298708
-657000,-1.7543698929895881
-656000,-1.8026600159591402
-655000,-1.8564726795874447
-654000,-1.8720128521388166
-653000,-1.8613530643556442
-652000,-1.8350246728429893
-651000,-1.8017609977123668
-650000,-1.7361326656978953
-649000,-1.6924660651403214
-648000,-1.6805219655760437
-647000,-1.6961905693055261
-646000,-1.794311989381957
-645000,-1.8350246728429893
-644000,-1.8369511405146468
-643000,-1.824878609772259
-642000,-1.8216678303194962
-641000,-1.8402903511455202
-640000,-1.8460697541604931
-639000,-1.8259060591971428
-638000,-1.7905874852167523
-637000,-1.6961905693055261
-636000,-1.6211867612889874
-635000,-1.6328739984970442
-634000,-1.7036395776359359
-633000,-1.727784639120712
-632000,-1.7343346292043482
-631000,-1.683604313850696
-630000,-1.61181128528692
-629000,-1.576878004840861
-628000,-1.567374097660683
-627000,-1.5701995835791143
-626000,-1.5540172551371898
-625000,-1.5352663031330553
-624000,-1.5142035899229314
-623000,-1.5061124257019691
-622000,-1.4710507140777993
-621000,-1.4528134867861067
-620000,-1.3921939707179454
-619000,-1.2945862753539565
-618000,-1.2352767573025223
-617000,-1.2244756952234284
-616000,-1.2330677410390214
-615000,-1.248492325530094
-614000,-1.2739730712672195
-613000,-1.2900911841200886
-612000,-1.2971548989161668
-611000,-1.2713017027625209
-610000,-1.2604364250943716
-609000,-1.2502903620236412
-608000,-1.2520883985171885
-607000,-1.3138509520705333
-606000,-1.3390234629801936
-605000,-1.3290058310875736
-604000,-1.339665618870746
-603000,-1.281370707126385
-602000,-1.2573926061731524
-601000,-1.2818202162497716
-600000,-1.2770168901884384
-599000,-1.2637242632540007
-598000,-1.1652175496432382
-597000,-1.1696098959346177
-596000,-1.1466592444062693
-595000,-1.0645917215936525
-594000,-1.0184463992985455
-593000,-1.0197692404330838
-592000,-1.005038184303808
-591000,-0.9501595418971867
-590000,-0.8847366997676921
-589000,-0.8341990311812059
-588000,-0.7946807576766013
-587000,-0.7827109718767017
-586000,-0.799612514916045
-585000,-0.8191854264600869
-584000,-0.8542599812020677
-583000,-0.9120026388805537
-582000,-0.9128888140095162
-581000,-0.915367535747049
-580000,-0.9618853084586764
-579000,-0.9711195101648221
-578000,-1.0264091323413973
-577000,-1.0939767751453375
-576000,-1.1162338983118891
-575000,-1.1248002578918603
-574000,-1.1278055474596462
-573000,-1.159874812633841
-572000,-1.157152071657898
-571000,-1.114718410410185
-570000,-1.0982406902586064
-569000,-1.0942593237371807
-568000,-1.0656191710185365
-567000,-1.0143622878346314
-566000,-0.9683068673642019
-565000,-0.9219945845375515
-564000,-0.8948313903671783
-563000,-0.9130044020698157
-562000,-0.9120540113517978
-561000,-0.8797021975857601
-560000,-0.8470806783456901
-559000,-0.822961303096536
-558000,-0.8173360174952955
-557000,-0.8619786950065094
-556000,-0.8508180256287059
-555000,-0.8484420488336615
-554000,-0.8099126954005079
-553000,-0.7282176230044116
-552000,-0.6684200664761574
-551000,-0.6833180831369768
-550000,-0.7015553104286695
-549000,-0.6889562118560283
-548000,-0.6760488784559219
-547000,-0.7303881099144792
-546000,-0.7811826408571865
-545000,-0.8300378610104252
-544000,-0.8576762505398073
-543000,-0.8578175248357288
-542000,-0.8657545716429584
-541000,-0.869941428049361
-540000,-0.8855458161897882
-539000,-0.855569979218795
-538000,-0.8110557328856915
-537000,-0.8104264201129501
-536000,-0.8169378808431531
-535000,-0.790814979215475
-534000,-0.7736052013486665
-533000,-0.7844191065455716
-532000,-0.747906122608753
-531000,-0.7290267394265079
-530000,-0.7127801953955281
-529000,-0.730079875087014
-528000,-0.7650003124152621
-527000,-0.8019371192398452
-526000,-0.8403508846126992
-525000,-0.8497520468503887
-524000,-0.8999686374915987
-523000,-0.9684096123066903
-522000,-0.97537058216028
-521000,-0.9794932229776275
-520000,-1.0141824841852767
-519000,-1.0653494655445044
-518000,-1.1254809431358461
-517000,-1.1976464221161425
-516000,-1.2135205157306017
-515000,-1.2190173701537315
-514000,-1.2400672402460444
-513000,-1.195758483797918
-512000,-1.1695970528168067
-511000,-1.2196723691620952
-510000,-1.2007929859798498
-509000,-1.1775212565062254
-508000,-1.2108876765793362
-507000,-1.213366398316869
-506000,-1.17196018649404
-505000,-1.0941565787946923
-504000,-1.093848343967227
-503000,-1.1337262247705409
-502000,-1.1442447382577916
-501000,-1.139518470903325
-500000,-1.1032109768514833
-499000,-1.0907916819281969
-498000,-1.045904985178573
-497000,-1.0329462793072224
-496000,-1.030082264035358
-495000,-0.9990789776394805
-494000,-1.0028805405115515
-493000,-1.0349369625679354
-492000,-1.0310454978711867
-491000,-1.0399329353964342
-490000,-1.0838820845458512
-489000,-1.0373129393629796
-488000,-1.0738644526532313
-487000,-1.046431553008826
-486000,-1.1263157457935642
-485000,-1.1324547561072467
-484000,-1.0427712644326765
-483000,-1.0876194318288672
-482000,-1.1324419129894356
-481000,-1.1606839290559372
-480000,-1.1956043663841853
-479000,-1.2825651170828127
-478000,-1.3467293336668242
-477000,-1.3722871381108162
-476000,-1.4357321400974086
-475000,-1.4723350258589047
-474000,-1.428796856479441
-473000,-1.4185223622306002
-472000,-1.3821763388253254
-471000,-1.3405646371175197
-470000,-1.2841833499270052
-469000,-1.2214190331843982
-468000,-1.2200062902251825
-467000,-1.2734336603191554
-466000,-1.298696073053493
-465000,-1.393863576033382
-464000,-1.4326497918227563
-463000,-1.4153115827778375
-462000,-1.4228890222863577
-461000,-1.3937351448552715
-460000,-1.3379960135553095
-459000,-1.2522039865774877
-458000,-1.1717546966090633
-457000,-1.1843794814173265
-456000,-1.2807285512358324
-455000,-1.3229695657163796
-454000,-1.2980539171629404
-453000,-1.3387666006239725
-452000,-1.3061450813839024
-451000,-1.251754477454101
-450000,-1.144861207912722
-449000,-1.0525448770868866
-448000,-0.9701177469755602
-447000,-0.9737780355517098
-446000,-1.012769741226061
-445000,-1.046662729129425
-444000,-1.0551135006490968
-443000,-1.1112122392477681
-442000,-1.0989855910916475
-441000,-1.1183915421041457
-440000,-1.1620067701904755
-439000,-1.221110798356933
-438000,-1.2797524742821924
-437000,-1.3374822888428675
-436000,-1.3510959937225817
-435000,-1.3532793237504603
-434000,-1.393092988964719
-433000,-1.4200635363679261
-432000,-1.3821763388253254
-431000,-1.4150547204216162
-430000,-1.3784518346601204
-429000,-1.4200635363679261
-428000,-1.5044428203865325
-427000,-1.4645007239941634
-426000,-1.4768301170927725
-425000,-1.464372292816053
-424000,-1.5378349266952656
-423000,-1.5848407378837126
-422000,-1.6148936335615725
-421000,-1.6141230464929093
-420000,-1.6340298791000385
-419000,-1.6538082805290575
-418000,-1.7297111067923696
-417000,-1.6732013884237447
-416000,-1.6558631793788254
-415000,-1.6642112059560088
-414000,-1.713400347172335
-413000,-1.764644387238429
-412000,-1.7610483142513345
-411000,-1.6887415609751164
-410000,-1.6624131694624618
-409000,-1.6251681278104133
-408000,-1.550806475684427
-407000,-1.5587692087272789
-406000,-1.5077820310174057
-405000,-1.4652713110628264
-404000,-1.4413831119342713
-403000,-1.3311891611154523
-402000,-1.3639391115336328
-401000,-1.4859487307386188
-400000,-1.4928840143565865
-399000,-1.4362458648098508
-398000,-1.4381723324815083
-397000,-1.3051176319590185
-396000,-1.3151352638516385
-395000,-1.222883148614858
-394000,-1.1719088140227958
-393000,-1.1353701438503554
-392000,-1.0796181694325824
-391000,-1.0866947273464715
-390000,-1.0545098741119772
-389000,-1.0266531515798074
-388000,-0.9660079492760238
-387000,-0.942453671210556
-386000,-0.9596891353129866
-385000,-1.011755134918988
-384000,-1.0225176676446488
-383000,-1.0142466997743318
-382000,-1.0159291482075796
-381000,-1.0382633300809976
-380000,-1.0624083915657736
-379000,-1.1299246618984695
-378000,-1.1869095756261037
-377000,-1.2203787406417028
-376000,-1.2598456416750632
-375000,-1.2965127430256143
-374000,-1.3512244249006922
-373000,-1.386799861237304
-372000,-1.4411262495780504
-371000,-1.4707938517215784
-370000,-1.4853065748480663
-369000,-1.5511917692187587
-368000,-1.572126051250772
-367000,-1.5581270528367264
-366000,-1.5635211623173677
-365000,-1.5866387743772599
-364000,-1.567374097660683
-363000,-1.6056465887376155
-362000,-1.6493131892951896
-361000,-1.6857876438785748
-360000,-1.7168679889813185
-359000,-1.726757189695828
-358000,-1.7235464102430653
-357000,-1.712758191281782
-356000,-1.6866866621253482
-355000,-1.6771827549451706
-354000,-1.6580465094067043
-353000,-1.5928034709265644
-352000,-1.5933171956390064
-351000,-1.5130477093199366
-350000,-1.460134063938406
-349000,-1.4246870587799048
-348000,-1.4121008033250746
-347000,-1.3796077152631152
-346000,-1.3450597283513874
-345000,-1.30550292549335
-344000,-1.249494088719356
-343000,-1.1935109381809839
-342000,-1.2164872759449545
-341000,-1.2348015619435135
-340000,-1.2499050684893096
-339000,-1.233440191455542
-338000,-1.207124643060698
-337000,-1.1793449792353945
-336000,-1.2493913437768676
-335000,-1.2518829086322114
-334000,-1.2121976745960634
-333000,-1.2282387287420662
-332000,-1.194307211485269
-331000,-1.232708133740312
-330000,-1.2439330187071707
-329000,-1.2619647561138867
-328000,-1.3188597680168432
-327000,-1.3030627331092501
-326000,-1.2170138437752076
-325000,-1.2257856932401554
-324000,-1.180462330484956
-323000,-1.1874618296919788
-322000,-1.1439108171947043
-321000,-1.2184265867344233
-320000,-1.1534018812570712
-319000,-1.1303099554328013
-318000,-1.1019780375416224
-317000,-1.128755938177664
-316000,-1.079528267607905
-315000,-1.0417566581256035
-314000,-0.9988221152832595
-313000,-1.0124101339273517
-312000,-1.041615383829682
-311000,-1.0710903392060445
-310000,-1.129513682128516
-309000,-1.1048292096956758
-308000,-1.129513682128516
-307000,-1.1155532130679036
-306000,-1.094079520087826
-305000,-1.0963142225869489
-304000,-1.1542238407969785
-303000,-1.1334051468252644
-302000,-1.190492805495387
-301000,-1.2077796420690619
-300000,-1.1689805831618763
-299000,-1.1931770171178966
-298000,-1.1633938269140691
-297000,-1.143101700772608
-296000,-1.0996662763356333
-295000,-1.0874267850617014
-294000,-1.0748533727246823
-293000,-1.120947322548545
-292000,-1.0698830861318056
-291000,-1.0436317533260169
-290000,-1.0142081704208987
-289000,-1.0248808013218824
-288000,-1.0052950466600292
-287000,-1.0118964092149094
-286000,-0.9937876131013273
-285000,-1.064758682125196
-284000,-1.0947987346852448
-283000,-1.0650412307170392
-282000,-1.0571041839098096
-281000,-1.118712620049422
-280000,-1.0619845686780092
-279000,-1.0972646133049666
-278000,-1.0622671172698521
-277000,-0.9860046837078305
-276000,-0.9559646311477817
-275000,-0.9655070676813928
-274000,-0.9716717642306972
-273000,-1.0275264835909588
-272000,-1.0367093128258604
-271000,-1.0620230980314422
-270000,-1.0463801805375819
-269000,-1.0457251815292183
-268000,-1.0281044238924562
-267000,-1.0543685998160557
-266000,-1.1152578213582491
-265000,-0.9992716244066462
-264000,-0.9276712426100361
-263000,-0.9519318921551116
-262000,-0.9819334153617272
-261000,-1.014516405248364
-260000,-1.1213326160828765
-259000,-1.160915105176536
-258000,-1.1926376061698325
-257000,-1.253758003832625
-256000,-1.365480285670959
-255000,-1.3588018644092124
-254000,-1.2863666799548839
-253000,-1.2431239022850744
-252000,-1.2126471837194501
-251000,-1.212595811248206
-250000,-1.2681808251344353
-249000,-1.3031911642873608
-248000,-1.2558642751536373
-247000,-1.1979032844723634
-246000,-1.1336234798280524
-245000,-1.1038274465064137
-244000,-1.0532640916843055
-243000,-1.0553189905340734
-242000,-1.0849737495597906
-241000,-1.1432172888329077
-240000,-1.176930473086917
-239000,-1.1925477043451551
-238000,-1.2716356238256081
-237000,-1.2594603481407316
-236000,-1.2760664994704207
-235000,-1.2872656982016573
-234000,-1.281653255718228
-233000,-1.1661807834790672
-232000,-1.3279783816626896
-231000,-1.3450597283513874
-230000,-1.3685626339456114
-229000,-1.3457018842419401
-228000,-1.3125666402894283
-227000,-1.3016499901500347
-226000,-1.2464502697981368
-225000,-1.1962208360391158
-224000,-1.1596693227488641
-223000,-1.1533890381392602
-222000,-1.128023880462434
-221000,-1.09559500798953
-220000,-1.139557000256758
-219000,-1.1585519714993027
-218000,-1.2264663784841412
-217000,-1.253218592884561
-216000,-1.2140470835608548
-215000,-1.2077539558334396
-214000,-1.2109133628149582
-213000,-1.1577942275484507
-212000,-1.1343170081898493
-211000,-1.1289485849448297
-210000,-1.0977911811352197
-209000,-1.112920373916638
-208000,-1.1625718673741616
-207000,-1.2323613695594138
-206000,-1.245487035962308
-205000,-1.2416212575011816
-204000,-1.2421478253314346
-203000,-1.2249765768180592
-202000,-1.1973510304064883
-201000,-1.0945290292112126
-200000,-1.0135017989412909
-199000,-1.062215744798608
-198000,-1.0049097531256976
-197000,-1.0279246202431014
-196000,-0.9585846271812363
-195000,-0.9690389250794318
-194000,-0.9158042017526248
-193000,-0.894510312421902
-192000,-0.852320670412599
-191000,-0.7724750069812938
-190000,-0.6827658290711015
-189000,-0.6093288814275111
-188000,-0.5994268375951906
-187000,-0.5960876269643173
-186000,-0.6526101884507535
-185000,-0.6644643861903536
-184000,-0.7137177429957349
-183000,-0.7521828808398331
-182000,-0.7789479383580636
-181000,-0.8002675139244086
-180000,-0.9044637287254667
-179000,-1.0327921618934897
-178000,-1.132043776337293
-177000,-1.2054293515096395
-176000,-1.2765416948294297
-175000,-1.3153921262078594
-174000,-1.3013931277938138
-173000,-1.3133372273580912
-172000,-1.315263695029749
-171000,-1.2463475248556484
-170000,-1.20030494750303
-169000,-1.236753715850793
-168000,-1.2816917850716611
-167000,-1.288164716448431
-166000,-1.3287489687313525
-165000,-1.344674434817056
-164000,-1.3079431178774497
-163000,-1.4006704284732392
-162000,-1.3480136454479295
-161000,-1.277915908435212
-160000,-1.2234996182697884
-159000,-1.2589594665461006
-158000,-1.3306754364030102
-157000,-1.3708743951516003
-156000,-1.4557674038826485
-155000,-1.4180086375181582
-154000,-1.296127449491283
-153000,-1.1748755742371486
-152000,-1.1150266452376503
-151000,-1.105895188473993
-150000,-1.174477437585006
-149000,-1.1661807834790672
-148000,-1.214368161506131
-147000,-1.2855960928862207
-146000,-1.3124382091113176
-145000,-1.3571322590937756
-144000,-1.42597137056101
-143000,-1.4819673642171929
-142000,-1.4588497521573007
-141000,-1.4095321797628644
-140000,-1.3656087168490694
-139000,-1.3204009421541694
-138000,-1.2855960928862207
-137000,-1.2704412138691803
-136000,-1.275591304111412
-135000,-1.254490061547855
-134000,-1.2146635532157852
-133000,-1.1918028035121142
-132000,-1.0814162059261294
-131000,-1.1125736097357397
-130000,-1.1031467612624282
-129000,-1.1006680395248951
-128000,-1.0952610869264425
-127000,-1.1521817850650213
-126000,-1.1532862931967718
-125000,-1.1265340787963523
-124000,-1.1855995776093764
-123000,-1.1705346004170134
-122000,-1.1486884570204154
-121000,-1.0779870934705789
-120000,-1.037364311834224
-119000,-0.9984753511023611
-118000,-0.9752036216287364
-117000,-0.9457800387236182
-116000,-0.9326415292029129
-115000,-0.9304325129394121
-114000,-0.8825533697398134
-113000,-0.8837863090496743
-112000,-0.8660756495882347
-111000,-0.8454752886193087
-110000,-0.8450899950849771
-109000,-0.8437286245970057
-108000,-0.8690680960382096
-107000,-0.8717651507785305
-106000,-0.867886529199593
-105000,-0.8631987911985592
-104000,-0.8850963070664015
-103000,-0.8810635680737314
-102000,-0.8408902955607634
-101000,-0.8610411474063027
-100000,-0.9074176458220083
-99000,-0.9235100724392554
-98000,-0.8685800575613897
-97000,-0.82972962618296
-96000,-0.807909169021984
-95000,-0.8199046410575058
-94000,-0.8784178858046549
-93000,-0.9349789766445241
-92000,-0.9883421311494417
-91000,-1.0187289478903887
-90000,-1.065991621435057
-89000,-1.121961928855618
-88000,-1.1614930454780334
-87000,-1.161865495894554
-86000,-1.1720629314365285
-85000,-1.1990976944287912
-84000,-1.3170617315232962
-83000,-1.3901390718681772
-82000,-1.314493107961086
-81000,-1.2314751944304512
-80000,-1.2485308548835272
-79000,-1.2807157081180214
-78000,-1.2415570419121262
-77000,-1.2909902023668622
-76000,-1.3395371876926354
-75000,-1.268861510378421
-74000,-1.2833228610336647
-73000,-1.2524865351693308
-72000,-1.2387829284649392
-71000,-1.2010883776895043
-70000,-1.2612583846342789
-69000,-1.294457844175846
-68000,-1.2899627529419782
-67000,-1.2192357031565195
-66000,-1.1432044457150965
-65000,-1.120202421715504
-64000,-1.0955051061648526
-63000,-1.0715526914472422
-62000,-1.061226824727157
-61000,-1.0681492652273137
-60000,-1.1486884570204154
-59000,-1.1840198741186172
-58000,-1.261849168053587
-57000,-1.321556822757164
-56000,-1.396689061951813
-55000,-1.460647788650848
-54000,-1.5359084590236076
-53000,-1.6026926716410739
-52000,-1.6039769834221789
-51000,-1.557356465768063
-50000,-1.5130477093199366
-49000,-1.5499074574376537
-48000,-1.5152310393478154
-47000,-1.4255860770266784
-46000,-1.3711312575078216
-45000,-1.3061450813839024
-44000,-1.2231014816176458
-43000,-1.1437438566631606
-42000,-1.02375060695451
-41000,-0.9598432527267192
-40000,-0.8711615242414109
-39000,-0.7912516452210507
-38000,-0.721808907216697
-37000,-0.734831828677103
-36000,-0.8211889528386109
-35000,-0.7366170220528391
-34000,-0.742640444306222
-33000,-0.8468495022250911
-32000,-0.9635035413028689
-31000,-1.0491414508669579
-30000,-1.0708334768498233
-29000,-1.0609828054887471
-28000,-1.0866048255217942
-27000,-1.0901752122732664
-26000,-1.1099792999379072
-25000,-1.0935401091397619
-24000,-1.1280880960514894
-23000,-1.1549173691587753
-22000,-1.2702100377485814
-21000,-1.2203402112882697
-20000,-1.2403754750735096
-19000,-1.2780700258489448
-18000,-1.3317028858278943
-17000,-1.3821763388253254
-16000,-1.4397135066188347
-15000,-1.4638585681036107
-14000,-1.3912949524711717
-13000,-1.4420252678248238
-12000,-1.4919849961098128
-11000,-1.577905454265745
-10000,-1.6821915708914805
-9000,-1.692594496318432
-8000,-1.755140480058251
-7000,-1.7168679889813185
-6000,-1.8423452499952886
-5000,-1.844014855310725
-4000,-1.8578854225466603
-3000,-1.6848886256318012
-2000,-1.8535187624909029
-1000,-2.0017283420304333
0,-1.9820783717795247
1000,-1.828217820403132
2000,-0.7726162812772155
