year_bin,anomaly,co2_ppm,co2_radiative_forcing,eccentricity,obliquity,perihelion,insolation,global_insolation,be_ppm,VADM,solar_modulation
-800000,-3.13538,-0.77702,-0.79008,-0.99059,-0.20283,0.11081,-0.04972,-0.90081,1.90444,-0.80984,1.97466
-798000,-3.88872,-0.85069,-0.87491,-0.72369,0.00579,-1.03681,-0.75152,-0.76086,1.86057,-1.77685,1.9497886363636365
-796000,-4.182053333333333,-0.6652033333333333,-0.6677299999999999,-0.65941,0.32221,-0.64063,-0.52083,-0.7216,1.8167,-1.9011,1.9249172727272728
-794000,-4.475386666666667,-0.4797166666666666,-0.46054999999999996,-0.60082,0.61892,-0.24869,-0.05645,-0.68495,1.7728300000000001,-2.02535,1.9000459090909092
-792000,-4.76872,-0.29423,-0.25337,-0.54793,0.8542,0.13967,0.56832,-0.64989,1.72896,-2.1496,1.8751745454545454
-790000,-4.53872,0.04514499999999999,0.09819,-0.50073,1.02458,0.52459,1.1307,-0.61796,1.685085,-2.2491149999999998,1.8503031818181819
-788000,-4.30872,0.38452,0.44975,-0.46819,1.08948,0.90704,1.36589,-0.59563,1.64121,-2.34863,1.8254318181818183
-786000,-3.55872,0.88873,0.9251050000000001,-0.43971,1.07326,1.28947,1.27468,-0.57541,1.59734,-2.43296,1.8005604545454545
-784000,-2.80872,1.39294,1.40046,-0.42669,0.95156,1.67214,0.77662,-0.56597,1.55347,-2.51729,1.775689090909091
-782000,-5.25872,1.29648,1.31384,-0.41611,0.7638,-1.79903,0.13216,-0.55814,1.5096,-2.15243,1.7508177272727274
-780000,-4.81872,1.124147142857143,1.1478185714285714,-0.41936,0.50765,-1.41446,-0.44981,-0.5605,1.46573,-2.0420642857142854,1.7259463636363637
-778000,-4.37872,0.9518142857142857,0.9817971428571428,-0.43157,0.2179,-1.02873,-0.81866,-0.56951,1.4218600000000001,-1.9316985714285713,1.7010750000000001
-776000,-3.93872,0.7794814285714287,0.8157757142857142,-0.45273,-0.0904,-0.64286,-0.80051,-0.58434,1.37799,-1.821332857142857,1.6762036363636363
-774000,-3.4987200000000005,0.6071485714285715,0.6497542857142856,-0.4869,-0.39175,-0.25516,-0.53822,-0.60861,1.33412,-1.7109671428571427,1.6513322727272728
-772000,-3.05872,0.4348157142857143,0.4837328571428571,-0.53654,-0.65717,0.13595,-0.12861,-0.64256,1.29025,-1.6006014285714285,1.626460909090909
-770000,-2.61872,0.26248285714285724,0.3177114285714284,-0.59838,-0.87738,0.52934,0.21105,-0.68309,1.24638,-1.4902357142857143,1.6015895454545455
-768000,-2.17872,0.09015,0.15169,-0.67161,-1.01647,0.92655,0.27022,-0.72918,1.20251,-1.37987,1.576718181818182
-766000,-4.76872,0.02565,0.08501,-0.75298,-1.0918,1.32608,0.09301,-0.77788,1.15863,-0.5178,1.5518468181818181
-764000,-4.52372,-0.06995500000000002,-0.015339999999999993,-0.85063,-1.06978,0.44921,-0.29481,-0.83189,1.11476,-0.09704500000000005,1.5269754545454546
-762000,-4.27872,-0.16556,-0.11569,-0.94746,-0.97938,-1.70931,-0.67252,-0.88245,1.07089,0.32371,1.502104090909091
-760000,-1.82872,-0.30216,-0.26192,-1.05406,-0.79741,-1.28924,-0.83344,-0.93224,1.02703,0.83739,1.4772327272727273
-758000,-1.7053866666666666,-0.4368133333333333,-0.41100666666666663,-1.16309,-0.55749,-0.86149,-0.75804,-0.97867,0.9831566666666668,1.27053,1.4523613636363637
-756000,-1.5820533333333333,-0.5714666666666666,-0.5600933333333333,-1.26969,-0.25267,-0.41747,-0.39898,-1.01835,0.9392833333333334,1.70367,1.4274900000000001
-754000,-1.45872,-0.70612,-0.70918,-1.3714,0.07997,0.04507,0.05372,-1.05273,0.89541,2.13681,1.4026186363636364
-752000,-1.4853866666666666,-0.8908433333333333,-0.9268666666666666,-1.45928,0.42188,0.54057,0.42853,-1.07792,0.8515400000000001,1.9687566666666667,1.3777472727272726
-750000,-1.5120533333333335,-1.0755666666666666,-1.1445533333333333,-1.52682,0.74989,1.07182,0.63269,-1.09545,0.80767,1.8007033333333333,1.352875909090909
-748000,-1.53872,-1.26029,-1.36224,-1.5317,1.02806,1.62965,0.58183,-1.09671,0.7638,1.63265,1.3280045454545455
-746000,-3.01872,-1.28948,-1.398095,-1.49508,1.25059,-1.66945,0.41183,-1.08761,0.71993,1.64808,1.3031331818181817
-744000,-4.49872,-1.31867,-1.43395,-1.40558,1.37229,-1.1564,0.2561,-1.06267,0.67606,1.66351,1.2782618181818182
-742000,-4.02872,-1.342195,-1.463055,-1.29084,1.40937,-0.67705,0.22132,-1.02627,0.63219,1.39528,1.2533904545454546
-740000,-3.55872,-1.36572,-1.49216,-1.15577,1.31781,-0.23305,0.40395,-0.97504,0.58832,1.12705,1.2285190909090908
-738000,-4.005386666666666,-1.01054,-1.08137,-1.01418,1.13353,0.19275,0.68731,-0.91438,0.5444466666666666,1.0807433333333334,1.2036477272727273
-736000,-4.452053333333334,-0.65536,-0.67058,-0.86365,0.8345,0.60507,0.92395,-0.83846,0.5005733333333333,1.0344366666666667,1.1787763636363637
-734000,-4.89872,-0.30018,-0.25979,-0.71067,0.47056,1.00764,0.96933,-0.75303,0.4567,0.98813,1.153905
-732000,-4.8012049999999995,-0.288881,-0.24768,-0.56014,0.05331,1.40423,0.61985,-0.65739,0.41283,1.001591,1.1290336363636362
-730000,-4.70369,-0.277582,-0.23557000000000003,-0.40879,-0.37205,1.79781,0.00627,-0.55291,0.36896,1.015052,1.1041622727272729
-728000,-4.606175,-0.266283,-0.22346000000000002,-0.26069,-0.76496,-1.6674,-0.76213,-0.43917,0.32509,1.028513,1.079290909090909
-726000,-4.50866,-0.254984,-0.21135,-0.11178,-1.10108,-1.28005,-1.43163,-0.31716,0.28122,1.041974,1.0544195454545453
-724000,-4.411144999999999,-0.24368499999999998,-0.19924000000000003,0.02085,-1.31897,-0.8957,-1.68432,-0.1987,0.23735,1.0554350000000001,1.0295481818181818
-722000,-4.31363,-0.232386,-0.18713000000000002,0.14779,-1.43024,-0.51253,-1.53553,-0.07981,0.19347999999999999,1.068896,1.0046768181818182
-720000,-4.216115,-0.221087,-0.17502,0.26822,-1.3804,-0.13184,-0.88386,0.0406,0.14961000000000002,1.082357,0.9798054545454545
-718000,-4.1186,-0.209788,-0.16291,0.37726,-1.22161,0.24666,-0.03539,0.15476,0.10574,1.095818,0.9549340909090909
-716000,-4.021084999999999,-0.198489,-0.15080000000000002,0.47734,-0.93302,0.62311,0.73309,0.26464,0.06186999999999998,1.1092790000000001,0.9300627272727273
-714000,-3.92357,-0.18719,-0.13869,0.57092,-0.57951,0.9965,1.19766,0.37004,0.018,1.12274,0.9051913636363635
-712000,-4.17911,0.09607,0.15777,0.6588,-0.17501,1.36638,1.07611,0.47435,-0.02587,1.76124,0.88032
-710000,-4.15209,0.03557,0.0953,0.74017,0.23296,1.73229,0.57533,0.57226,-0.06974,1.90763,0.83073
-708000,-4.5517,0.27553,0.34058,0.8134,0.60269,-0.47352,-0.17983,0.6636,-0.11361,1.64425,0.71752
-706000,-4.38199,0.41951,0.48451,0.88013,0.91795,-1.39717,-0.85777,0.74886,-0.15748,1.0688,0.55663
-704000,-4.11035,0.46671,0.53121,0.93546,1.13121,-1.04034,-1.12305,0.82074,-0.20135,0.50341,0.37057
-702000,-3.80973,0.33469,0.4,0.98103,1.2587,-0.68399,-0.97719,0.88165,-0.24523,0.10502,0.17527
-700000,-3.48699,0.33854,0.40385,1.02008,1.26218,-0.32866,-0.30011,0.93415,-0.28909,-0.24606,-0.04137
-698000,-3.38936,0.54273,0.60586,1.05019,1.18221,0.02704,0.60679,0.9751,-0.33297,-0.71178,-0.26006
-696000,-3.35324,0.62687,0.68779,1.06972,1.00024,0.38189,1.46622,1.00189,-0.37684,-0.88278,-0.41137
-694000,-3.37903,0.55333,0.61624,1.08111,0.76148,0.7376,2.02202,1.01781,-0.36559,-0.97995,-0.44981
-692000,-3.65309,0.61138,0.67276,1.08762,0.4694,1.09523,1.90893,1.02641,-0.35433,-0.86133,-0.36855
-690000,-3.74222,0.61705,0.67827,1.08762,0.15763,1.45255,1.2967,1.02641,-0.34308,-0.45531,-0.237
-688000,-4.19066,0.36998,0.43528,1.07623,-0.15067,0.52697,0.23038,1.01124,-0.33183,-0.02279,-0.10827
-686000,-4.34537,0.07093,0.13187,1.0567,-0.43579,-1.683,-0.88117,0.98428,-0.32058,0.12773,-0.05395
-684000,-4.72661,-0.08459,-0.03015,1.02904,-0.66296,-1.32318,-1.6694,0.9462,-0.3218,-0.09204,-0.04739
-682000,-5.34324,-0.0161,0.04156,0.99323,-0.83334,-0.96267,-2.03192,0.89842,-0.32302,-0.04227,-0.0651
-680000,-6.22334,-0.00458,0.05358,0.94197,-0.91331,-0.60266,-1.72984,0.8295,-0.32424,-0.0439,-0.06421
-678000,-5.3376,0.32059,0.38588,0.88094,-0.92606,-0.24202,-1.03751,0.75013,-0.32546,-0.04249,-0.07776
-676000,-5.78261,-0.187,-0.13848,0.8134,-0.84377,0.11665,-0.09769,0.66402,-0.32668,-0.15788,-0.13631
-674000,-5.34066,-0.25952,-0.21603,0.73529,-0.70005,0.4748,0.76482,0.5667,-0.3279,-0.62609,-0.19384
-672000,-6.32538,-0.78472,-0.79891,0.64497,-0.48331,0.83134,1.2116,0.45759,-0.32911,-0.61497,-0.19336
-670000,-6.86199,-1.04877,-1.10722,0.54813,-0.23065,1.18599,1.25509,0.34401,-0.33033,-0.11323,-0.12557
-668000,-6.5557,-1.28769,-1.39582,0.44154,0.04752,1.53697,0.82195,0.22453,-0.33155,0.1484,-0.04958
-666000,-7.16337,-1.74953,-1.98206,0.32762,0.32105,1.88415,0.21752,0.10227,-0.33277,0.26531,0.02075
-664000,-8.64824,-1.70682,-1.92618,0.19743,0.56097,-1.62577,-0.3435,-0.0301,-0.33399,0.84519,0.11241
-662000,-8.17042,-1.25512,-1.35593,0.06561,0.758,-1.28556,-0.70744,-0.15825,-0.33521,1.55723,0.23205
-660000,-7.25144,-1.19628,-1.28428,-0.08086,0.87506,-0.95244,-0.7056,-0.28969,-0.33643,2.28387,0.31365
-658000,-7.99478,-1.3792,-1.50892,-0.23058,0.92374,-0.62464,-0.47439,-0.41616,-0.33765,2.36982,0.35039
-656000,-8.46882,-1.29902,-1.40975,-0.38112,0.86579,-0.30394,-0.06794,-0.53185,-0.33886,2.33893,0.36126
-654000,-7.69595,-0.88751,-0.91764,-0.53247,0.73366,0.00911,0.3348,-0.63995,-0.34008,2.58989,0.36154
-652000,-7.81997,-1.12671,-1.20032,-0.66999,0.50765,0.3068,0.58707,-0.72775,-0.3413,2.4438,0.34621
-650000,-8.4692,-1.38424,-1.51519,-0.79692,0.23412,0.59203,0.68581,-0.80316,-0.34252,2.08477,0.31078
-648000,-7.90956,-1.1604,-1.24089,-0.89457,-0.07302,0.85916,0.59593,-0.85523,-0.34374,1.91228,0.30107
-646000,-7.74324,-1.1713,-1.25404,-0.96048,-0.37437,1.11256,0.41905,-0.88885,-0.34496,2.30105,0.31489
-644000,-7.57344,-1.16412,-1.24538,-0.97838,-0.62819,1.35317,0.1831,-0.89744,-0.34618,2.4422,0.33568
-642000,-7.43699,-1.07135,-1.13408,-0.95153,-0.82291,1.59506,-0.06989,-0.8843,-0.3474,2.40276,0.33999
-640000,-8.19456,-1.21645,-1.30878,-0.8726,-0.90868,0.56446,-0.34907,-0.84386,-0.34862,2.46131,0.32966
-638000,-8.3721,-1.29033,-1.39906,-0.75949,-0.90404,-1.73485,-0.64637,-0.7815,-0.34983,2.28722,0.29471
-636000,-8.23714,-1.07059,-1.1332,-0.61303,-0.76843,-1.44538,-0.91971,-0.69194,-0.35105,1.76488,0.26748
-634000,-8.42759,-1.1046,-1.17381,-0.45191,-0.55054,-1.14327,-1.10959,-0.58375,-0.35227,1.96399,0.25052
-632000,-8.71538,-1.10101,-1.16952,-0.27615,-0.24571,-0.82423,-1.05807,-0.45147,-0.35349,2.00711,0.23944
-630000,-8.67044,-0.95156,-0.99245,-0.09469,0.09156,-0.49871,-0.76122,-0.30275,-0.35471,1.62262,0.20941
-628000,-8.82571,-0.82396,-0.84403,0.0892,0.42768,-0.16548,-0.1181,-0.13466,-0.35593,1.47269,0.17336
-626000,-6.98324,-0.48846,-0.46537,0.27636,0.7325,0.17086,0.68933,0.04852,-0.35715,1.40779,0.14982
-624000,-4.79636,0.30623,0.37146,0.45374,0.95735,0.51219,1.47534,0.23902,-0.35837,1.27586,0.12376
-622000,-3.44129,0.63015,0.69096,0.62869,1.10571,0.85537,2.02076,0.43838,-0.35958,1.09935,0.07882
-620000,-2.79912,0.75082,0.80709,0.7955,1.13005,1.20065,1.9808,0.64262,-0.3608,0.76036,0.00118
-618000,-2.85183,0.88534,0.93476,0.94929,1.06167,1.54793,1.46,0.83969,-0.36202,0.2229,-0.06558
-616000,-2.60059,1.09507,1.13017,1.09413,0.87043,0.61324,0.44655,1.03669,-0.36324,0.22316,-0.09821
-614000,-2.48999,1.10086,1.1355,1.22514,0.60501,-1.60385,-0.67172,1.22104,-0.36446,0.36672,-0.08679
-612000,-3.06897,1.22922,1.25293,1.33906,0.27005,-1.24898,-1.52126,1.38863,-0.36568,0.41211,-0.08282
-610000,-3.52953,1.31827,1.33349,1.43914,-0.08925,-0.89193,-1.94309,1.53987,-0.3669,0.31643,-0.08699
-608000,-4.10774,1.31576,1.33122,1.52621,-0.43927,-0.53141,-1.64325,1.67485,-0.36812,0.3597,-0.07577
-606000,-4.66737,1.16838,1.19746,1.60433,-0.75684,-0.16969,-0.88962,1.7988,-0.36934,0.60854,-0.06319
-604000,-4.5986,0.86324,0.91391,1.65884,-0.99676,0.19385,0.16856,1.88836,-0.37055,0.52549,-0.07112
-602000,-4.31825,0.58492,0.64704,1.70685,-1.16134,0.55803,1.11612,1.96681,-0.37177,0.30509,-0.09301
-600000,-4.20961,0.43434,0.49921,1.74022,-1.20539,0.92276,1.48855,2.02242,-0.37299,0.36754,-0.14274
-598000,-4.17896,0.15168,0.21483,1.76056,-1.15787,1.28704,1.28917,2.05629,-0.37421,-0.03755,-0.1883
-596000,-5.43253,-0.22734,-0.18153,1.76788,-0.98865,1.64973,0.42555,2.06851,-0.37543,-0.17981,-0.279
-594000,-4.86032,-0.00508,0.05306,1.75974,-0.74525,-1.84228,-0.64893,2.05511,-0.37665,-0.58315,-0.34659
-592000,-3.89006,0.48252,0.54678,1.74266,-0.42305,-1.4826,-1.54207,2.02596,-0.37787,-0.68274,-0.44817
-590000,-5.21395,0.2704,0.3354,1.71255,-0.06491,-1.12466,-2.02554,1.9765,-0.37909,-1.08021,-0.54996
-588000,-4.1589,0.89278,0.94175,1.67186,0.31178,-0.76877,-1.7592,1.90867,-0.3803,-1.38087,-0.64333
-586000,-5.37519,0.48063,0.54492,1.61979,0.68035,-0.41467,-0.9791,1.82458,-0.38152,-1.39667,-0.64394
-584000,-6.06272,0.01129,0.07009,1.56201,1.00372,-0.06312,0.24488,1.73249,-0.3698,-1.16541,-0.56665
-582000,-5.88535,-0.56687,-0.55242,1.50099,1.27493,0.28697,1.49718,1.635,-0.35808,-0.97556,-0.46766
-580000,-5.07865,-0.13676,-0.08517,1.42287,1.4453,0.63448,2.34145,1.51477,-0.356,-0.83962,-0.38011
-578000,-3.24019,0.83289,0.8852,1.34313,1.52644,0.98145,2.66692,1.39419,-0.35393,-0.55356,-0.2957
-576000,-2.7702,1.02157,1.06218,1.25525,1.47428,1.32644,2.20974,1.26427,-0.35185,-0.23661,-0.22175
-574000,-3.06824,1.05558,1.0937,1.16004,1.32361,1.67136,1.32415,1.12769,-0.34976,-0.17662,-0.17352
-572000,-2.90347,0.98926,1.03212,1.05751,1.04196,-0.55254,0.20275,0.98546,-0.34769,-0.11673,-0.17202
-570000,-2.96907,0.99236,1.03501,0.95011,0.67803,-1.49138,-0.81066,0.8402,-0.34561,-0.28654,-0.19042
-568000,-3.1775,1.03007,1.07007,0.84025,0.22717,-1.14447,-1.39941,0.69882,-0.34352,-0.43583,-0.24897
-566000,-3.39655,1.12946,1.1618,0.72389,-0.2573,-0.79723,-1.59103,0.55271,-0.34145,-0.76954,-0.31663
-564000,-4.40988,1.09482,1.12994,0.60428,-0.7383,-0.44723,-1.28546,0.41015,-0.33937,-0.98653,-0.36896
-562000,-4.77259,0.77991,0.83484,0.48222,-1.17873,-0.09623,-0.75436,0.26994,-0.33728,-0.97869,-0.41486
-560000,-5.40041,0.31889,0.38417,0.35203,-1.50905,0.2541,-0.17991,0.12848,-0.33521,-1.20969,-0.45186
-558000,-5.74741,0.28394,0.34905,0.22184,-1.72579,0.60501,0.24897,-0.00676,-0.33313,-1.33076,-0.47204
-556000,-3.84516,0.78315,0.83794,0.08351,-1.75477,0.9542,0.33344,-0.14047,-0.33105,-1.19541,-0.48518
-554000,-3.94787,0.29528,0.36046,-0.05482,-1.64002,1.30169,0.17593,-0.26779,-0.32897,-1.35838,-0.54626
-552000,-5.33306,-0.02801,0.02915,-0.19722,-1.3352,1.64236,-0.17048,-0.38853,-0.32689,-1.7918,-0.62007
-550000,-5.59641,-0.17866,-0.1296,-0.34206,-0.91447,-1.87625,-0.50978,-0.5032,-0.32481,-1.76117,-0.67425
-548000,-6.14681,-0.58047,-0.56761,-0.48365,-0.38364,-1.54966,-0.67779,-0.60583,-0.32273,-1.77269,-0.61857
-546000,-6.77407,-0.62393,-0.61632,-0.62198,0.18081,-1.23294,-0.66195,-0.6986,-0.32065,-1.46519,-0.53443
-544000,-7.13929,-0.51812,-0.4982,-0.75461,0.72555,-0.93088,-0.4108,-0.77839,-0.31857,-1.21489,-0.44058
-542000,-7.34338,-0.67306,-0.6717,-0.87423,1.21118,-0.64378,-0.05656,-0.84503,-0.31649,-1.1508,-0.39064
-540000,-7.07777,-0.58803,-0.57607,-0.9735,1.56353,-0.3743,0.33394,-0.89466,-0.31441,-1.1337,-0.40248
-538000,-7.23625,-0.52946,-0.51078,-1.04755,1.79533,-0.12006,0.68184,-0.92971,-0.31233,-1.35411,-0.42478
-536000,-7.234,-0.81098,-0.82909,-1.08742,1.84169,0.1165,0.92352,-0.94716,-0.31025,-1.3727,-0.46582
-534000,-7.73698,-1.0944,-1.16161,-1.09555,1.75245,0.34851,1.08208,-0.95086,-0.30817,-1.49333,-0.48901
-532000,-6.57224,-0.79114,-0.80628,-1.05243,1.48703,0.59041,1.13591,-0.93182,-0.30609,-1.56704,-0.53244
-530000,-5.30527,-0.19503,-0.14703,-0.98489,1.11614,0.8434,1.10311,-0.90048,-0.30401,-1.71946,-0.53026
-528000,-5.2439,-0.06466,-0.00922,-0.88318,0.64442,1.11686,0.91934,-0.84908,-0.30193,-1.52284,-0.48039
-526000,-4.91026,0.09783,0.1596,-0.76682,0.13908,1.40637,0.59809,-0.78597,-0.29985,-1.24523,-0.37826
-524000,-5.17707,0.36298,0.42829,-0.63744,-0.35234,1.71738,0.07961,-0.70736,-0.29777,-1.00103,-0.27675
-522000,-4.2989,0.59286,0.65477,-0.49748,-0.79509,-1.81349,-0.53574,-0.6156,-0.29569,-0.7433,-0.19576
-520000,-4.48054,0.74968,0.806,-0.35996,-1.12426,-1.47861,-1.13178,-0.51626,-0.29361,-0.57858,-0.10772
-518000,-4.46824,0.85045,0.90182,-0.22082,-1.35027,-1.13557,-1.57792,-0.4085,-0.29153,-0.18528,-0.02208
-516000,-4.74654,0.85549,0.90659,-0.08412,-1.41749,-0.78524,-1.64028,-0.29273,-0.28945,0.12914,0.05529
-514000,-5.23666,0.70245,0.76072,0.04852,-1.36881,-0.43121,-1.3626,-0.17426,-0.28737,0.2407,0.08251
-512000,-5.48346,0.60987,0.67129,0.16895,-1.17641,-0.07345,-0.67176,-0.05883,-0.28529,0.0732,0.08518
-510000,-5.18421,0.45871,0.52332,0.27961,-0.90172,0.28525,0.16543,0.05197,-0.28321,0.09468,0.07909
-508000,-5.35158,0.49839,0.5624,0.38377,-0.55054,0.64636,0.90015,0.16226,-0.28113,0.09394,0.07759
-506000,-4.80478,0.50658,0.57044,0.47653,-0.17385,1.00662,1.33758,0.26363,-0.27905,-0.01249,0.05378
-504000,-4.75574,0.41714,0.48217,0.55139,0.19472,1.36791,1.20401,0.34797,-0.27697,-0.25308,0.04188
-502000,-4.64335,0.34409,0.40941,0.61649,0.53315,1.72881,0.70045,0.42363,-0.2749,-0.11554,0.02806
-500000,-4.70574,0.24206,0.30677,0.66694,0.80436,-0.47947,-0.05318,0.48413,-0.27281,-0.23847,0.0126
-498000,-4.60024,0.26599,0.33094,0.70681,1.01415,-1.4031,-0.7346,0.5314,-0.27073,-0.48111,-0.02372
-496000,-4.84224,0.4373,0.50214,0.72959,1.1231,-1.04234,-1.0167,0.55937,-0.26866,-0.57479,-0.05601
-494000,-5.03699,0.54688,0.60994,0.73854,1.15207,-0.68007,-0.89835,0.57032,-0.26657,-0.64103,-0.05429
-492000,-4.93621,0.59475,0.65661,0.7361,1.07094,-0.31865,-0.28495,0.56771,-0.26449,-0.52048,-0.0268
-490000,-4.26607,0.78999,0.84445,0.72145,0.91563,0.04387,0.52122,0.54985,-0.26242,-0.33992,-0.00347
-488000,-3.70624,0.82602,0.87868,0.68972,0.67223,0.40864,1.2374,0.51092,-0.26033,-0.45643,0.03258
-486000,-4.18014,0.38187,0.44712,0.64741,0.379,0.77444,1.63419,0.46003,-0.25825,-0.18215,0.03921
-484000,-3.99583,0.31889,0.38417,0.5937,0.0452,1.14257,1.40448,0.39717,-0.25618,-0.32602,0.07102
-482000,-4.5611,0.2408,0.30549,0.53186,-0.29671,1.51166,0.75657,0.32522,-0.2541,-0.1594,0.10242
-480000,-5.20106,-0.00231,0.05595,0.45619,-0.61313,0.59979,-0.19803,0.24104,-0.25201,0.13989,0.18204
-478000,-5.1812,0.1205,0.1829,0.37644,-0.88434,-1.59545,-1.10157,0.1535,-0.24994,0.6372,0.26604
-476000,-4.96639,0.53618,0.59947,0.28449,-1.05587,-1.2206,-1.61138,0.05787,-0.24786,0.93478,0.32624
-474000,-5.70286,0.45493,0.51958,0.18603,-1.13585,-0.8434,-1.71187,-0.04257,-0.24577,0.94229,0.33931
-472000,-4.67978,0.78369,0.83845,0.08351,-1.06978,-0.4662,-1.27098,-0.14115,-0.2437,0.76244,0.30928
-470000,-6.51499,0.01375,0.07264,-0.02309,-0.89825,-0.08784,-0.57238,-0.23922,-0.24162,0.40468,0.26639
-468000,-7.73253,-0.66739,-0.66529,-0.13538,-0.59806,0.28868,0.18754,-0.33721,-0.23954,0.23409,0.251
-466000,-7.65915,-0.74674,-0.75543,-0.25337,-0.22833,0.66486,0.78604,-0.43453,-0.23746,0.45866,0.28773
-464000,-6.69166,-0.60063,-0.59017,-0.36973,0.19703,1.04073,0.99949,-0.52368,-0.23538,0.88705,0.33883
-462000,-7.93729,-1.00182,-1.0516,-0.4869,0.62356,1.41578,0.9305,-0.60852,-0.2333,0.92032,0.35114
-460000,-8.49551,-1.15486,-1.23421,-0.60896,0.99792,0.50663,0.61489,-0.68966,-0.23122,0.5675,0.29293
-458000,-7.88131,-0.69195,-0.6931,-0.72613,1.29811,-1.68703,0.27376,-0.76204,-0.22914,-0.01327,0.25831
-456000,-7.50955,-0.90168,-0.93413,-0.84249,1.45342,-1.30736,0.06595,-0.82768,-0.22706,0.32479,0.25558
-454000,-8.62825,-1.1473,-1.2251,-0.95397,1.48239,-0.92614,0.01615,-0.88539,-0.22498,0.45624,0.29553
-452000,-8.01824,-0.88845,-0.91874,-1.06382,1.3294,-0.53708,0.15518,-0.93645,-0.2229,0.45936,0.26687
-450000,-7.98015,-0.77886,-0.79219,-1.16879,1.05124,-0.13913,0.34671,-0.98111,-0.22082,-0.11323,0.18061
-448000,-7.67324,-0.70895,-0.7124,-1.26236,0.62703,0.27033,0.45497,-1.01608,-0.21874,-0.65616,0.09921
-446000,-7.94672,-0.8072,-0.82474,-1.35024,0.13097,0.69362,0.41574,-1.04599,-0.21666,-0.60427,0.08087
-444000,-8.81236,-0.92813,-0.96501,-1.42104,-0.40798,1.13831,0.13742,-1.06739,-0.21458,-0.3878,0.12
-442000,-8.98765,-0.81854,-0.8378,-1.47962,-0.92722,1.60082,-0.26704,-1.08348,-0.2125,-0.28375,0.17493
-440000,-9.70942,-0.84499,-0.86834,-1.51299,-1.34679,-0.48748,-0.69394,-1.09216,-0.21042,-0.0303,0.23198
-438000,-9.60574,-0.85633,-0.88146,-1.53089,-1.64929,-1.28544,-1.01491,-1.09646,-0.21992,0.38821,0.288
-436000,-9.07632,-0.6107,-0.60147,-1.51787,-1.74433,-0.79014,-1.07524,-1.09334,-0.22942,0.63928,0.32521
-434000,-9.18824,-0.52379,-0.50449,-1.4902,-1.67595,-0.30927,-0.92268,-1.08643,-0.23892,0.80954,0.33418
-432000,-9.08729,-0.53324,-0.51498,-1.44545,-1.39199,0.155,-0.55514,-1.07413,-0.24841,0.85664,0.3194
-430000,-8.48699,-0.00798,0.05003,-1.39012,-0.97706,0.60475,-0.13923,-1.05829,-0.25792,0.75512,0.31304
-428000,-7.0969,0.71189,0.76979,-1.32665,-0.43927,1.03525,0.18545,-1.03807,-0.26741,1.06943,0.30654
-426000,-5.02492,1.06585,1.10321,-1.25748,0.14024,1.45336,0.36877,-1.01456,-0.27691,1.12084,0.31769
-424000,-3.17824,1.69912,1.66989,-1.19157,0.70816,0.57143,0.35377,-0.98971,-0.28641,1.31485,0.32665
-422000,-3.60907,1.71896,1.68708,-1.12485,1.21929,-1.59974,0.25706,-0.96308,-0.29591,1.63407,0.33616
-420000,-3.4317,1.65661,1.63298,-1.06138,1.59714,-1.21497,0.18747,-0.93553,-0.30541,1.70507,0.35223
-418000,-2.38804,1.86067,1.80879,-1.00116,1.85328,-0.8325,0.21754,-0.90806,-0.31491,2.0609,0.33828
-416000,-2.03289,1.87452,1.82062,-0.94827,1.91819,-0.45361,0.43003,-0.88245,-0.32441,1.81823,0.32959
-414000,-2.25976,1.87326,1.81955,-0.89945,1.84633,-0.07647,0.73567,-0.85818,-0.3339,2.00027,0.30716
-412000,-1.99951,1.7473,1.71156,-0.85714,1.59598,0.29895,1.02776,-0.83594,-0.3434,2.09224,0.28212
-410000,-1.35298,2.26122,2.14405,-0.82296,1.23784,0.67297,1.18564,-0.8174,-0.3529,1.81072,0.22993
-408000,-0.62486,2.07795,1.99224,-0.79774,0.76727,1.05188,1.02906,-0.80358,-0.3624,1.49786,0.15673
-406000,-0.75728,2.3198,2.19202,-0.77984,0.24919,1.43004,0.6239,-0.79347,-0.3719,1.23589,0.07396
-404000,-1.10184,2.13085,2.03633,-0.77577,-0.28512,0.52583,-0.01314,-0.79128,-0.3814,0.88211,-0.00504
-402000,-1.48857,1.9967,1.9241,-0.78065,-0.79162,-1.65956,-0.6729,-0.79372,-0.3909,0.70118,0.02902
-400000,-2.06999,2.10629,2.01589,-0.79855,-1.21118,-1.27294,-1.14459,-0.80375,-0.32527,1.10173,0.0609
-398000,-2.56361,2.13463,2.03947,-0.82134,-1.53919,-0.8829,-1.37423,-0.81664,-0.35468,0.97712,0.04441
-396000,-3.02822,1.98915,1.91773,-0.86283,-1.71536,-0.49088,-1.23745,-0.83888,-0.38408,0.39304,-0.12585
-394000,-3.44996,1.76808,1.72947,-0.91247,-1.77215,-0.09646,-0.90905,-0.86458,-0.41348,-0.01268,-0.32032
-392000,-4.21623,1.54702,1.53708,-0.9678,-1.65973,0.30038,-0.49253,-0.89205,-0.44289,-0.27792,-0.49797
-390000,-4.49229,1.3014,1.31828,-1.03371,-1.43487,0.69671,-0.14614,-0.92323,-0.4723,-0.4491,-0.68143
-388000,-5.02517,0.8366,0.8887,-1.11264,-1.07094,1.09696,0.00094,-0.95769,-0.5017,-0.73215,-0.856
-386000,-4.43281,0.87439,0.92441,-1.20215,-0.63051,1.49779,0.01092,-0.99383,-0.53111,-0.80159,-0.99383
-384000,-3.59616,0.58341,0.64558,-1.29573,-0.12518,0.62254,-0.05296,-1.02771,-0.56051,-0.59163,-1.1065
-382000,-4.52912,0.61742,0.67863,-1.39744,0.39291,-1.5321,-0.06675,-1.0604,-0.58992,-0.59252,-1.18988
-380000,-4.24127,0.12617,0.1887,-1.50241,0.8855,-1.0927,0.08193,-1.08913,-0.61932,-0.36598,-1.26007
-378000,-5.05156,0.12806,0.19064,-1.60249,1.3294,-0.62587,0.35339,-1.11247,-0.64873,0.04308,-0.85935
-376000,-5.79871,0.12995,0.19258,-1.68549,1.66552,-0.10475,0.69499,-1.12822,-0.33699,0.31074,-0.187
-374000,-7.20129,-0.33863,-0.30139,-1.7392,1.9008,0.47928,0.98044,-1.13707,-0.02525,0.65389,0.49896
-372000,-6.01402,-0.8979,-0.92974,-1.72862,1.96687,1.09836,1.05227,-1.13539,-0.03736,0.95757,0.76314
-370000,-5.84951,-0.82232,-0.84216,-1.66759,1.9008,1.68299,0.93188,-1.12519,-0.04947,1.15236,0.78305
-368000,-7.37296,-0.73919,-0.74682,-1.56913,1.64582,-1.6606,0.60034,-1.1048,-0.06158,1.4318,0.7866
-366000,-7.49239,-0.65605,-0.6525,-1.45033,1.2645,-1.19002,0.22174,-1.07582,-0.07369,1.4431,0.78394
-364000,-7.55745,-0.84877,-0.87271,-1.31363,0.74293,-0.76236,-0.06625,-1.03335,-0.0858,1.52872,0.77799
-362000,-7.44266,-1.13974,-1.21599,-1.17448,0.15415,-0.34679,-0.21065,-0.98322,-0.09791,1.76202,0.7812
-360000,-7.9547,-1.43072,-1.57323,-1.02964,-0.46477,0.05628,-0.16119,-0.9207,-0.11002,1.98689,0.7823
-358000,-8.40087,-1.28901,-1.39745,-0.8848,-1.05703,0.45422,-0.04803,-0.85034,-0.12213,2.038,0.76731
-356000,-8.75503,-0.91774,-0.95287,-0.74241,-1.53687,0.84686,-0.01938,-0.77131,-0.13424,1.9215,0.73626
-354000,-8.76653,-0.54646,-0.52968,-0.60489,-1.88921,1.237,-0.15447,-0.68739,-0.14635,1.79451,0.68605
-352000,-7.80974,-0.41043,-0.37958,-0.46981,-2.01207,1.62716,-0.54324,-0.59614,-0.15846,1.45377,0.61908
-350000,-7.47117,-0.09678,-0.04297,-0.33718,-1.9518,-1.84104,-1.03093,-0.49992,-0.17057,1.05876,0.59918
-348000,-7.289,-0.12701,-0.07486,-0.21675,-1.64466,-1.45804,-1.42977,-0.40462,-0.10182,0.85556,0.63208
-346000,-7.83784,-0.44443,-0.41687,-0.10039,-1.188,-1.07893,-1.59082,-0.30747,-0.03307,0.63099,0.71143
-344000,-8.47832,-0.70518,-0.70811,0.0119,-0.58994,-0.7058,-1.2769,-0.20754,0.03569,0.27576,0.74987
-342000,-8.75503,-0.86767,-0.8946,0.11768,0.05331,-0.33664,-0.61493,-0.10888,0.03654,0.15305,0.7656
-340000,-7.49713,0.99909,1.04128,0.21289,0.67687,0.0262,0.35987,-0.01518,0.0374,0.23814,0.75699
-338000,-5.08206,0.56326,0.62593,0.29914,1.23088,0.3858,1.34826,0.07228,0.03824,0.11821,0.76082
-336000,-3.05249,1.49034,1.48707,0.38539,1.62495,0.74052,2.02123,0.16353,0.0391,0.19163,0.75582
-334000,0.46777,2.3283,2.19895,0.46025,1.87067,1.09309,2.27453,0.24526,0.03995,0.1371,0.75993
-332000,-0.64766,2.25178,2.13629,0.52861,1.88689,1.44382,1.87238,0.32235,0.0408,0.16022,0.76526
-330000,-1.38718,1.74226,1.7072,0.59207,1.7397,1.79427,1.09004,0.3949,0.04166,0.25505,0.78544
-328000,-1.83223,1.88334,1.82811,0.64741,1.38967,-1.70922,0.08152,0.4607,0.04251,0.44353,0.78647
-326000,-2.70635,1.62764,1.60773,0.70111,0.92838,-1.35819,-0.83874,0.52499,0.04336,0.15498,0.77696
-324000,-3.22168,1.46137,1.4614,0.74261,0.37436,-1.00411,-1.34804,0.57555,0.04421,0.08394,0.74262
-322000,-3.58925,1.32785,1.3421,0.78167,-0.19588,-0.64791,-1.45084,0.62416,0.04507,-0.11676,0.48549
-320000,-4.45098,0.96508,1.00956,0.81422,-0.71396,-0.29036,-1.02118,0.66486,-0.30496,-0.02952,0.19354
-318000,-5.24709,0.79125,0.84565,0.83944,-1.14744,0.06921,-0.34462,0.69637,-0.32381,-0.27264,-0.11018
-316000,-4.39251,1.23967,1.26242,0.85978,-1.40938,0.43078,0.36158,0.72325,-0.34267,-0.34189,-0.22483
-314000,-3.20561,1.069,1.1061,0.8728,-1.52644,0.79308,0.85006,0.73926,-0.36152,-0.65613,-0.30363
-312000,-4.06485,0.99783,1.0401,0.88094,-1.43835,1.15362,0.83162,0.74996,-0.38038,-0.49669,-0.34556
-310000,-4.5729,0.55696,0.61978,0.88094,-1.21814,1.51343,0.43903,0.74988,-0.39923,-0.1703,-0.36177
-308000,-5.49147,0.20427,0.26844,0.87443,-0.85768,0.58645,-0.26585,0.74162,-0.41809,-0.21818,-0.40466
-306000,-5.45778,0.43982,0.50464,0.86548,-0.43348,-1.62782,-0.96837,0.7305,-0.43694,-0.302,-0.46931
-304000,-5.72329,0.86305,0.91373,0.8427,0.02202,-1.27624,-1.36207,0.70092,-0.4558,-0.17598,-0.50905
-302000,-4.68978,0.54562,0.60871,0.81584,0.46013,-0.92706,-1.3926,0.66688,-0.47466,0.05639,-0.54264
-300000,-5.67788,0.52484,0.58835,0.77841,0.82986,-0.58163,-0.89056,0.61995,-0.49351,0.0545,-0.60058
-298000,-5.67169,0.15262,0.2158,0.7361,1.12425,-0.23757,-0.09774,0.56796,-0.51236,-0.04435,-0.70414
-296000,-6.56908,-0.24793,-0.20358,0.67914,1.29115,0.10345,0.83201,0.49795,-0.53122,-0.2426,-0.82535
-294000,-5.87077,-0.40665,-0.37545,0.61486,1.3607,0.44321,1.6305,0.42178,-0.55008,-0.37349,-0.93918
-292000,-5.25976,-0.65416,-0.65036,0.54325,1.29579,0.78215,1.9818,0.3387,-0.56893,-0.36122,-1.06498
-290000,-4.59013,-0.42743,-0.39821,0.46269,1.14164,1.11924,1.91396,0.24787,-0.58779,-0.59891,-1.12852
-288000,-2.96628,0.15073,0.21386,0.37481,0.88086,1.45563,1.32961,0.15241,-0.57443,-0.59962,-1.15438
-286000,-2.29107,0.27481,0.33984,0.28042,0.55749,1.79012,0.52387,0.05323,-0.56107,-0.67482,-1.06641
-284000,-2.23944,0.13373,0.19646,0.18359,0.17269,-1.73047,-0.32101,-0.0445,-0.54771,-0.37342,-0.98781
-282000,-2.4484,0.28866,0.3538,0.08676,-0.23412,-1.39968,-1.0196,-0.13837,-0.53435,-0.43947,-0.88699
-280000,-3.09415,-0.15724,-0.10686,-0.01414,-0.63631,-1.07344,-1.37384,-0.23113,-0.52099,-0.30732,-0.83643
-278000,-3.41189,-0.60126,-0.59086,-0.11097,-1.00604,-0.74982,-1.45939,-0.31623,-0.50762,-0.42026,-0.82015
-276000,-3.43655,-0.98103,-1.02709,-0.19885,-1.29116,-0.43432,-1.23665,-0.39013,-0.49426,-0.76638,-0.81844
-274000,-5.1616,-1.03583,-1.09186,-0.27778,-1.48935,-0.12382,-0.87512,-0.45349,-0.4809,-0.75705,-0.77494
-272000,-5.60394,-1.19076,-1.27759,-0.34206,-1.54151,0.17943,-0.44249,-0.50346,-0.46754,-0.49527,-0.6906
-270000,-5.81815,-1.20587,-1.29592,-0.39007,-1.4766,0.47656,-0.03512,-0.53935,-0.45418,-0.47933,-0.61795
-268000,-6.17949,-1.24555,-1.34424,-0.40634,-1.24132,0.76961,0.27914,-0.55089,-0.44715,-0.49289,-0.55645
-266000,-5.85832,-0.88656,-0.91653,-0.39821,-0.89129,1.05864,0.49699,-0.54499,-0.44012,-0.22327,-0.56774
-264000,-4.73895,-0.8979,-0.92974,-0.36078,-0.40682,1.34859,0.55542,-0.51727,-0.43309,-0.80185,-0.59182
-262000,-4.13417,0.16774,0.23124,-0.29649,0.14372,1.63968,0.49612,-0.46866,-0.44598,-0.71891,-0.62021
-260000,-3.67847,-0.52631,-0.50728,-0.20455,0.72555,-0.63449,0.28906,-0.39451,-0.45887,-0.28401,-0.57554
-258000,-3.2949,-0.63905,-0.63332,-0.09388,1.28072,-1.62041,0.01943,-0.302,-0.47176,0.06439,-0.49756
-256000,-2.79136,-0.78264,-0.79653,0.03631,1.73274,-1.31575,-0.22838,-0.18471,-0.48465,0.56018,-0.47964
-254000,-2.55927,-0.93191,-0.96943,0.17383,2.07002,-1.0071,-0.3632,-0.05394,-0.49755,0.41282,-0.51774
-252000,-2.14173,-1.05157,-1.11055,0.32843,2.20215,-0.69273,-0.23325,0.10354,-0.51044,0.17647,-0.58484
-250000,-3.66411,-0.62771,-0.62056,0.48222,2.16738,-0.37492,0.12488,0.26927,-0.52333,0.3452,-0.64647
-248000,-4.46201,-0.33863,-0.30139,0.63601,1.89269,-0.05032,0.72889,0.44798,-0.53622,0.28624,-0.95635
-246000,-4.67222,0.02792,0.08736,0.78818,1.45574,0.27855,1.37248,0.63175,-0.68389,-0.15502,-1.64518
-244000,-2.71409,0.39447,0.45965,0.93627,0.83102,0.61397,1.78458,0.82284,-0.83155,-0.38855,-1.74362
-242000,-0.68102,1.57725,1.56363,1.08193,0.11474,0.95461,1.8281,1.01899,-0.56083,-0.33587,-1.21492
-240000,-1.61092,1.64905,1.6264,1.21293,-0.64558,1.30188,1.20477,1.20385,-0.29011,-0.01643,-0.38695
-238000,-2.04771,0.91595,0.96355,1.33906,-1.36881,1.6543,0.15725,1.38779,-0.40613,0.35806,-0.26231
-236000,-1.93421,0.73835,0.79515,1.45623,-1.94485,-0.55722,-1.15705,1.56658,-0.52216,0.3678,-0.47738
-234000,-2.01096,0.85297,0.9042,1.56201,-2.35282,-1.48108,-2.34458,1.73173,-0.52274,0.39527,-0.61275
-232000,-3.68322,0.65899,0.71885,1.6564,-2.46873,-1.11722,-2.94468,1.88457,-0.52333,0.38817,-0.58539
-230000,-3.4315,0.46501,0.52953,1.73777,-2.35978,-0.7533,-2.93322,2.01862,-0.52392,0.71835,-0.5754
-228000,-3.46986,0.0317,0.09129,1.80938,-1.95528,-0.39118,-2.0635,2.13852,-0.5245,0.53772,-0.58881
-226000,-3.69816,0.40455,0.46968,1.86634,-1.3804,-0.03171,-0.73506,2.2355,-0.52509,0.26442,-0.65742
-224000,-4.31329,-0.53513,-0.51708,1.90865,-0.65137,0.3244,0.79251,2.31007,-0.52567,-0.02067,-0.72699
-222000,-3.39937,-0.62204,-0.6142,1.94446,0.11706,0.6771,2.08443,2.37192,-0.52626,-0.17583,-0.77125
-220000,-5.31278,-0.45577,-0.42934,1.9648,0.84725,1.02408,2.62653,2.40747,-0.52684,-0.1639,-0.79238
-218000,-4.1569,0.13751,0.20033,1.977,1.49051,1.36864,2.51138,2.42946,-0.55575,0.19015,-0.83972
-216000,-2.84147,0.97138,1.01545,1.98026,1.94948,1.70964,1.64787,2.43587,-0.58466,0.18472,-0.93802
-214000,-1.58031,0.7289,0.7861,1.977,2.24735,-1.80464,0.51998,2.42938,-0.61357,0.1323,-1.10848
-212000,-0.90833,0.89328,0.94222,1.96398,2.30298,-1.46735,-0.5162,2.40613,-0.64248,-0.13,-1.46487
-210000,-2.11189,0.95563,1.00073,1.94283,2.18708,-1.12987,-1.22137,2.36998,-0.74717,-0.28821,-1.47588
-208000,-3.05937,0.75648,0.8125,1.91598,1.85792,-0.79144,-1.27598,2.32296,-0.61029,-0.02245,-1.19125
-206000,-2.29568,0.36122,0.42653,1.88668,1.40706,-0.45232,-0.86473,2.27072,-0.4734,0.26085,-0.53532
-204000,-2.81263,0.34081,0.40612,1.846,0.84145,-0.11048,-0.00833,2.20087,-0.33652,0.2265,-0.06982
-202000,-2.9528,0.90462,0.95289,1.80287,0.23876,0.23262,0.91299,2.12757,-0.19964,0.08189,0.23198
-200000,-2.96465,0.80637,0.86002,1.75649,-0.35119,0.5788,1.52742,2.04946,-0.06275,-0.44078,0.31878
-198000,-1.99579,0.65017,0.71033,1.70848,-0.88781,0.92677,1.69117,1.96967,-0.14338,-0.63349,0.23082
-196000,-1.8846,0.49398,0.55806,1.65233,-1.30275,1.27567,1.13857,1.8769,-0.22401,-0.70683,-0.01223
-194000,-1.78209,-0.01553,0.04216,1.59212,-1.60409,1.62597,0.18872,1.77967,-0.30464,-0.96475,-0.30274
-192000,-3.21019,-0.21392,-0.16719,1.53191,-1.72695,-0.59349,-0.94882,1.6848,-0.38527,-1.24738,-0.7155
-190000,-3.75371,0.08272,0.14402,1.46762,-1.72347,-1.5287,-1.93286,1.58386,-0.4659,-1.83102,-0.94171
-188000,-2.73974,0.28866,0.3538,1.39358,-1.55194,-1.1809,-2.38563,1.46986,-0.35457,-2.13272,-0.89588
-186000,-4.6305,-0.48978,-0.46683,1.31546,-1.27957,-0.83456,-2.34487,1.3535,-0.24323,-1.94313,-0.69703
-184000,-3.46455,-0.76564,-0.77704,1.23572,-0.89593,-0.49046,-1.65411,1.23638,-0.31589,-1.72935,-0.6265
-182000,-4.74575,-0.93569,-0.97386,1.15597,-0.46129,-0.14946,-0.638,1.12145,-0.38856,-1.47348,-0.72808
-180000,-4.21665,-0.31029,-0.2707,1.06647,0.00811,0.18903,0.51721,0.99734,-0.46122,-0.97698,-0.74874
-178000,-4.63418,-0.60315,-0.59299,0.98021,0.47404,0.52461,1.51664,0.87997,-0.50184,-0.16089,-0.73376
-176000,-5.42053,-1.28145,-1.38816,0.88989,0.89477,0.85483,2.02754,0.76201,-0.54247,0.33631,-0.74464
-174000,-4.6684,-1.15297,-1.23193,0.80038,1.25407,1.18186,2.10604,0.64759,-0.5831,0.46866,-0.19452
-172000,-5.51989,-0.98103,-1.02709,0.70925,1.49514,1.50511,1.65382,0.53493,0.14351,0.43245,0.20701
-170000,-4.02854,-0.97725,-1.02265,0.61649,1.63423,1.82468,0.96938,0.42397,-0.09791,0.09286,0.48426
-168000,-4.67757,-1.0226,-1.07617,0.53186,1.61336,-1.71406,0.21485,0.32598,-0.33933,0.34776,0.12828
-166000,-5.39063,-1.4515,-1.59931,0.44642,1.47544,-1.40214,-0.43021,0.2295,-0.38856,0.57036,-0.09308
-164000,-5.34011,-1.23988,-1.33731,0.36993,1.17989,-1.09239,-0.79456,0.1471,-0.41434,0.65345,-0.16176
-162000,-3.92936,-0.879,-0.90775,0.30158,0.78466,-0.78454,-0.92302,0.07455,-0.42996,0.64196,-0.24528
-160000,-3.85812,-1.14163,-1.21828,0.24544,0.28628,-0.47829,-0.76446,0.01726,-0.44559,0.29048,-0.30274
-158000,-4.54843,-1.40426,-1.54015,0.20475,-0.25035,-0.17178,-0.46633,-0.02378,-0.46122,0.57754,-0.35432
-156000,-3.64883,-1.30979,-1.423,0.18197,-0.78003,0.13619,-0.0928,-0.04653,-0.49169,0.89055,-0.43401
-154000,-4.74552,-1.29543,-1.40534,0.1779,-1.25175,0.44669,0.24528,-0.0504,-0.52216,0.4491,-0.60112
-152000,-3.90005,-0.98708,-1.03421,0.19743,-1.57628,0.75931,0.4204,-0.03128,-0.53935,-0.1613,-0.76468
-150000,-3.62638,-0.80532,-0.82257,0.2316,-1.75361,1.07413,0.42468,0.00319,-0.55653,-0.00312,-0.83076
-148000,-3.69342,-0.81306,-0.83149,0.28856,-1.69566,1.39444,0.16881,0.06141,-0.55224,0.17371,-0.77836
-146000,-4.39516,-1.05245,-1.11159,0.3561,-1.46965,1.71587,-0.2405,0.13252,-0.54794,0.50973,-0.67863
-144000,-3.37331,-1.13634,-1.21191,0.44235,-1.03733,-0.52936,-0.73763,0.22546,-0.54364,0.91586,-0.58635
-142000,-3.27381,-1.07154,-1.13431,0.5343,-0.49722,-1.48951,-1.17178,0.32834,-0.53935,1.054,-0.55242
-140000,-3.73548,-1.026,-1.0802,0.63195,0.1217,-1.16272,-1.33536,0.44208,-0.53505,0.70579,-0.57718
-138000,-3.42607,-1.16809,-1.25016,0.73447,0.73714,-0.83532,-1.2007,0.56527,-0.53075,0.40996,-0.61863
-136000,-3.39019,-0.93701,-0.9754,0.837,1.26913,-0.50758,-0.60641,0.69376,-0.52646,0.34022,-0.65072
-134000,-3.86729,-0.75279,-0.76234,0.93465,1.68986,-0.1786,0.2629,0.82023,-0.52216,0.14624,-0.68259
-132000,-3.84848,-0.22961,-0.18395,1.03554,1.90196,0.15203,1.28834,0.95487,-0.51278,-0.17368,-0.59852
-130000,-3.23107,0.2966,0.36177,1.12749,1.94137,0.48479,2.196,1.08143,-0.40965,-0.26829,-0.52211
-128000,-1.33554,1.29507,1.31255,1.21212,1.73622,0.81985,2.59407,1.20242,-0.43153,-0.22037,-0.43846
-126000,0.42292,2.02737,1.94988,1.28698,1.37113,1.15784,2.45626,1.31078,-0.4534,-0.0819,-0.49393
-124000,1.07824,1.93977,1.87603,1.35289,0.82754,1.50077,1.57261,1.40843,-0.47528,-0.05364,-0.56152
-122000,1.26924,2.02837,1.95072,1.40985,0.20399,1.8468,0.32121,1.49463,-0.49716,-0.099,-0.69046
-120000,0.87953,2.06605,1.98229,1.44647,-0.45202,-1.6561,-1.02192,1.55041,-0.51903,-0.5107,-0.85518
-118000,0.28405,1.82552,1.77877,1.47495,-1.06862,-1.30154,-2.11258,1.59506,-0.54091,-0.74393,-0.99821
-116000,-0.11742,1.96181,1.89466,1.48715,-1.54614,-0.94263,-2.53136,1.61394,-0.53505,-0.88861,-1.0868
-114000,-0.67692,1.92428,1.86289,1.48797,-1.87646,-0.58155,-2.37351,1.61571,-0.52919,-1.08835,-1.11662
-112000,-0.94331,1.64055,1.61898,1.47657,-1.96107,-0.21941,-1.52799,1.59717,-0.52333,-1.15318,-1.13858
-110000,-1.05906,1.34599,1.3584,1.45054,-1.8614,0.14303,-0.4076,1.55656,-0.51747,-1.22761,-1.07736
-108000,-1.4148,0.80964,0.86313,1.41636,-1.52876,0.50332,0.65784,1.50482,-0.47762,-1.16653,-0.96093
-106000,-0.68405,0.55639,0.61923,1.37161,-1.06399,0.86156,1.39175,1.437,-0.43778,-1.14285,-0.79033
-104000,-0.70707,0.88157,0.93119,1.31546,-0.48216,1.21567,1.4569,1.35257,-0.39793,-1.11103,-1.01531
-102000,-0.7313,0.70963,0.76762,1.25036,0.13097,1.5666,1.07369,1.25786,-0.61591,-1.24322,-1.25398
-100000,-0.93178,0.64136,0.70181,1.17794,0.71512,0.6288,0.34198,1.15322,-0.61123,-1.03344,-1.5525
-98000,-1.04871,0.82513,0.87784,1.10227,1.2332,-1.5965,-0.3845,1.04705,-0.60654,-1.14028,-1.54087
-96000,-1.37976,0.68532,0.74424,1.01439,1.6122,-1.25615,-0.79787,0.92665,-0.60185,-1.32392,-0.86277
-94000,-1.69544,0.80473,0.85847,0.92814,1.86719,-0.91719,-0.86517,0.81121,0.08022,-1.1037,-0.79512
-92000,-1.37954,0.56427,0.62691,0.837,1.93557,-0.58152,-0.45097,0.6941,-0.60185,-0.72356,-0.66624
-90000,-1.68148,0.33174,0.39705,0.74424,1.87067,-0.24679,0.20469,0.57782,-0.60185,-0.40643,-1.20958
-88000,-1.48088,0.21649,0.28085,0.64741,1.63423,0.0875,0.94227,0.46028,-0.60185,-0.09992,-1.13495
-86000,-1.96285,-0.07713,-0.0223,0.54976,1.29,0.42145,1.53143,0.34578,-0.6081,-0.01212,-1.0621
-84000,-1.63635,0.19961,0.2637,0.45456,0.83218,0.75582,1.69404,0.23919,-0.61435,0.47129,-1.03002
-82000,-0.99056,0.81234,0.86569,0.35773,0.31989,1.08968,1.4793,0.13353,-0.6206,0.51735,-0.96052
-80000,-1.20034,0.46835,0.53282,0.26171,-0.22137,1.42637,0.81375,0.03377,-0.5831,0.29089,-0.89485
-78000,-1.38529,0.28352,0.34862,0.16732,-0.74989,1.76374,-0.03496,-0.06102,-0.55653,0.24624,-0.76735
-76000,-1.88917,0.12041,0.1828,0.07374,-1.21466,-1.75222,-0.8805,-0.15016,-0.52997,0.46274,-0.64764
-74000,-2.37694,0.76918,0.82462,-0.01495,-1.60293,-1.41261,-1.55794,-0.23223,-0.50341,0.40148,-0.54674
-72000,-2.43155,0.39258,0.45777,-0.10446,-1.84285,-1.07268,-1.84685,-0.31042,-0.47684,0.2062,-0.46082
-70000,-2.31194,0.44481,0.50957,-0.18827,-1.95528,-0.73213,-1.82216,-0.38162,-0.45028,0.31947,-0.37224
-68000,-3.58232,-0.30666,-0.26679,-0.26883,-1.87183,-0.39433,-1.41928,-0.44658,-0.42371,0.34412,-1.07565
-66000,-8.17701,-0.77539,-0.78821,-0.34857,-1.64929,-0.05893,-0.84265,-0.50817,-0.83389,-0.1194,-4.80288
-64000,-8.58911,-0.80872,-0.82649,-0.42587,-1.24827,0.27409,-0.19672,-0.56522,-1.24408,-0.2958,-5.16864
-62000,-8.58243,-0.89481,-0.92614,-0.50236,-0.74525,0.60182,0.37451,-0.61939,-0.63232,-0.42412,-4.54555
-60000,-6.905,-0.63546,-0.62928,-0.57722,-0.14952,0.92339,0.73684,-0.66936,-0.51278,-0.15502,-0.75613
-58000,-5.54601,-0.12944,-0.07742,-0.64964,0.47172,1.23842,0.92439,-0.71604,-0.39324,0.32167,-0.21477
-56000,-6.1272,-0.10585,-0.05253,-0.72044,1.0663,1.54838,0.90388,-0.75867,-0.2737,0.80906,0.12616
-54000,-6.25494,-0.45193,-0.42511,-0.7839,1.59714,1.8524,0.79061,-0.79558,-0.29832,1.34047,0.27364
-52000,-5.60333,-0.13621,-0.08458,-0.84168,1.98309,-1.70703,0.6307,-0.82759,-0.32293,1.53414,0.24415
-50000,-6.4114,-0.30537,-0.26539,-0.89457,2.23228,-1.41715,0.48179,-0.85557,-0.34089,1.25548,0.18252
-48000,-6.91544,-0.7421,-0.75014,-0.92874,2.25894,-1.13006,0.37313,-0.87276,-0.35887,1.19549,0.08245
-46000,-6.67862,-0.68499,-0.6852,-0.95641,2.11754,-0.84562,0.3052,-0.88657,-0.37684,0.72791,-0.05217
-44000,-6.53413,-0.29926,-0.2588,-0.96455,1.75013,-0.56275,0.27871,-0.8907,-0.40027,0.18219,-0.18331
-42000,-6.89325,-0.71066,-0.71432,-0.96455,1.24363,-0.27809,0.2727,-0.89087,-0.34871,-0.56345,-0.27729
-40000,-7.13396,-0.77934,-0.79273,-0.94909,0.59342,0.01456,0.27265,-0.88304,-0.29714,-1.1198,-0.66946
-38000,-6.86656,-0.88044,-0.90943,-0.92142,-0.11011,0.31312,0.25463,-0.8693,-0.52684,-1.68589,-0.89171
-36000,-6.10277,-0.5538,-0.53785,-0.88887,-0.80784,0.62032,0.16697,-0.85245,-0.43622,-1.52827,-1.00786
-34000,-6.704,-0.81135,-0.82951,-0.84819,-1.43835,0.93633,0.00464,-0.83088,-0.34558,-1.60846,-0.57089
-32000,-6.85778,-0.99174,-1.03971,-0.80018,-1.89501,1.26326,-0.2813,-0.80484,-0.25495,-0.82586,-0.35863
-30000,-7.11275,-1.12475,-1.19797,-0.75054,-2.18129,1.59715,-0.6416,-0.77679,-0.37566,-0.38843,-0.15307
-28000,-6.31114,-1.3011,-1.41231,-0.70172,-2.19172,-0.63128,-1.02456,-0.7478,-0.28777,-0.35713,-0.21641
-26000,-7.00456,-1.23728,-1.33414,-0.65778,-2.00396,-1.57182,-1.33586,-0.72109,-0.38152,-0.2429,-0.30951
-24000,-7.95836,-1.47977,-1.63491,-0.60977,-1.57512,-1.2216,-1.42375,-0.69051,-0.47528,-0.18513,-0.46972
-22000,-7.53244,-1.33596,-1.4553,-0.56746,-1.01647,-0.87185,-1.27664,-0.66321,-0.49872,0.35275,-0.43983
-20000,-7.01936,-1.30555,-1.41819,-0.52413,-0.12126,-0.39596,-0.55677,-0.63413,-0.40115,0.36392,-0.15303
-18000,-6.22674,-1.24234,-1.34089,-0.49931,0.57343,-0.01828,0.2256,-0.61715,-0.26377,0.75044,-0.3979
-16000,-5.0381,-0.80949,-0.83917,-0.48599,1.12976,0.331,0.95774,-0.608,-0.68099,0.994,-1.19867
-14000,-3.4869,0.24384,0.30556,-0.48354,1.54918,0.68095,1.49372,-0.60614,-0.87062,0.96735,-2.02989
-12000,-2.55149,0.69436,0.75156,-0.49016,1.79721,1.03155,1.69176,-0.61081,-0.84254,1.46946,-2.04551
-10000,-1.58272,1.49645,1.49102,-0.50969,1.85951,1.38388,1.50994,-0.6243,-0.74219,1.95443,-1.69958
-8000,-0.12915,1.43826,1.44067,-0.53827,1.73941,1.01599,1.02843,-0.64368,-0.78667,2.14509,-1.36613
-6000,0.09773,1.41405,1.41914,-0.57732,1.45733,-1.75869,0.4131,-0.66944,0.32477,2.49355,-0.1518
-4000,-0.02072,1.69644,1.66715,-0.62645,1.04877,-1.39819,-0.14994,-0.70119,10.52485,2.2128,1.26506
-2000,-0.21262,1.95293,1.88704,-0.68453,0.55807,-1.03448,-0.51619,-0.73728,6.93008,2.88624,1.50514
0,-0.17373,3.0109,2.7159,-0.77165,-0.09468,-0.57226,-0.62376,-0.78862,-0.50165,0.71749,0.32461
2000,0.9204,6.44789,5.03874,-0.81277,-0.36764,-0.36923,-0.56621,-0.81172,-0.50341,-1.49701,
4000,,NaN,NaN,-0.8547,-0.60501,-0.17778,-0.47379,-0.83459,NaN,NaN,NaN
6000,,NaN,NaN,-0.93973,-1.00024,0.19779,-0.26927,-0.87832,NaN,NaN,NaN
8000,,NaN,NaN,-1.03331,-1.27319,0.57756,-0.13384,-0.92306,NaN,NaN,NaN
10000,,NaN,NaN,-1.12973,-1.40184,0.96177,-0.13804,-0.96489,NaN,NaN,NaN
12000,,NaN,NaN,-1.23226,-1.38272,1.3493,-0.27185,-1.00521,NaN,NaN,NaN
14000,,NaN,NaN,-1.336,-1.22451,1.7426,-0.44895,-1.04131,NaN,NaN,NaN
16000,,NaN,NaN,-1.43935,-0.95098,-1.71459,-0.55931,-1.07245,NaN,NaN,NaN
18000,,NaN,NaN,-1.54187,-0.59226,-1.30742,-0.52679,-1.0989,NaN,NaN,NaN
20000,,NaN,NaN,-1.64033,-0.18776,-0.88719,-0.33577,-1.11997,NaN,NaN,NaN
22000,,NaN,NaN,-1.73798,0.22485,-0.4387,-0.03584,-1.13678,NaN,NaN,NaN
24000,,NaN,NaN,-1.82057,0.60907,0.06784,0.27519,-1.14765,NaN,NaN,NaN
26000,,NaN,NaN,-1.87793,0.93244,0.66354,0.50436,-1.15354,NaN,NaN,NaN
28000,,NaN,NaN,-1.88607,1.16946,1.34103,0.6002,-1.15426,NaN,NaN,NaN
30000,,NaN,NaN,-1.84742,1.30216,0.02776,0.56429,-1.15059,NaN,NaN,NaN
32000,,NaN,NaN,-1.78273,1.31955,-1.38188,0.44886,-1.1431,NaN,NaN,NaN
34000,,NaN,NaN,-1.71153,1.21582,-0.93865,0.32768,-1.13265,NaN,NaN,NaN
36000,,NaN,NaN,-1.64033,0.9985,-0.52789,0.25161,-1.12005,NaN,NaN,NaN
38000,,NaN,NaN,-1.56954,0.67977,-0.13955,0.23163,-1.10535,NaN,NaN,NaN
40000,,NaN,NaN,-1.50566,0.2828,0.24016,0.23846,-1.09022,NaN,NaN,NaN
42000,,NaN,NaN,-1.44423,-0.15937,0.61333,0.21044,-1.074,NaN,NaN,NaN
44000,,NaN,NaN,-1.38808,-0.60791,0.97895,0.08895,-1.05766,NaN,NaN,NaN
46000,,NaN,NaN,-1.33397,-1.01936,1.34286,-0.1473,-1.04068,NaN,NaN,NaN
48000,,NaN,NaN,-1.2823,-1.34853,1.70229,-0.47303,-1.02328,NaN,NaN,NaN
50000,,NaN,NaN,-1.23714,-1.55599,-1.79308,-0.81722,-1.0071,NaN,NaN,NaN
52000,,NaN,NaN,-1.1932,-1.61047,-1.43802,-1.07982,-0.99042,NaN,NaN,NaN
54000,,NaN,NaN,-1.15373,-1.49688,-1.08684,-1.17157,-0.97496,NaN,NaN,NaN
56000,,NaN,NaN,-1.11549,-1.21814,-0.7355,-1.0416,-0.95912,NaN,NaN,NaN
58000,,NaN,NaN,-1.07887,-0.79799,-0.38883,-0.68969,-0.94345,NaN,NaN,NaN
60000,,NaN,NaN,-1.04673,-0.27643,-0.04455,-0.17464,-0.92912,NaN,NaN,NaN
62000,,NaN,NaN,-1.01296,0.29497,0.29564,0.39743,-0.91379,NaN,NaN,NaN
64000,,NaN,NaN,-0.98123,0.85884,0.63259,0.90541,-0.89883,NaN,NaN,NaN
66000,,NaN,NaN,-0.95031,1.35896,0.96786,1.24003,-0.88358,NaN,NaN,NaN
68000,,NaN,NaN,-0.92061,1.74433,1.29896,1.33464,-0.86901,NaN,NaN,NaN
70000,,NaN,NaN,-0.89498,1.97614,1.6291,1.18748,-0.85586,NaN,NaN,NaN
72000,,NaN,NaN,-0.86731,2.02656,0.03048,0.85843,-0.84145,NaN,NaN,NaN
74000,,NaN,NaN,-0.84615,1.88689,-1.56805,0.44384,-0.83004,NaN,NaN,NaN
76000,,NaN,NaN,-0.82825,1.56526,-1.2378,0.05346,-0.82022,NaN,NaN,NaN
78000,,NaN,NaN,-0.81442,1.08832,-0.90735,-0.22507,-0.81272,NaN,NaN,NaN
80000,,NaN,NaN,-0.80506,0.4978,-0.5735,-0.3525,-0.80758,NaN,NaN,NaN
82000,,NaN,NaN,-0.79733,-0.15241,-0.23735,-0.34271,-0.8032,NaN,NaN,NaN
84000,,NaN,NaN,-0.79774,-0.79625,0.10155,-0.25471,-0.80341,NaN,NaN,NaN
86000,,NaN,NaN,-0.80099,-1.36881,0.44287,-0.17566,-0.80531,NaN,NaN,NaN
88000,,NaN,NaN,-0.80872,-1.8075,0.7838,-0.18108,-0.80944,NaN,NaN,NaN
90000,,NaN,NaN,-0.82093,-2.06481,1.12564,-0.30375,-0.81613,NaN,NaN,NaN
92000,,NaN,NaN,-0.83517,-2.11175,1.46507,-0.52173,-0.82401,NaN,NaN,NaN
94000,,NaN,NaN,-0.8547,-1.94832,1.79989,-0.76498,-0.83476,NaN,NaN,NaN
96000,,NaN,NaN,-0.87341,-1.59482,-1.72515,-0.9445,-0.84449,NaN,NaN,NaN
98000,,NaN,NaN,-0.89253,-1.09528,-1.40449,-0.9885,-0.85439,NaN,NaN,NaN
100000,,NaN,NaN,-0.91044,-0.50534,-1.09011,-0.86157,-0.8637,NaN,NaN,NaN
102000,,NaN,NaN,-0.92183,0.113,-0.78487,-0.56895,-0.8696,NaN,NaN,NaN
104000,,NaN,NaN,-0.92793,0.70295,-0.48749,-0.15088,-0.87259,NaN,NaN,NaN
106000,,NaN,NaN,-0.91979,1.21292,-0.19339,0.33356,-0.86846,NaN,NaN,NaN
108000,,NaN,NaN,-0.89864,1.60293,0.09657,0.81741,-0.85763,NaN,NaN,NaN
110000,,NaN,NaN,-0.86446,1.84749,0.38646,1.23161,-0.83968,NaN,NaN,NaN
112000,,NaN,NaN,-0.81279,1.9321,0.67702,1.5084,-0.81175,NaN,NaN,NaN
114000,,NaN,NaN,-0.74851,1.85676,0.97172,1.5873,-0.77531,NaN,NaN,NaN
116000,,NaN,NaN,-0.67121,1.63365,1.27357,1.4239,-0.72931,NaN,NaN,NaN
118000,,NaN,NaN,-0.58455,1.28536,1.58078,1.01282,-0.6742,NaN,NaN,NaN
120000,,NaN,NaN,-0.49097,0.84203,-0.0312,0.40444,-0.6113,NaN,NaN,NaN
122000,,NaN,NaN,-0.38804,0.34133,-1.63613,-0.29071,-0.53766,NaN,NaN,NaN
124000,,NaN,NaN,-0.28429,-0.17501,-1.30686,-0.92102,-0.45859,NaN,NaN,NaN
126000,,NaN,NaN,-0.17891,-0.66354,-0.97055,-1.33053,-0.3737,NaN,NaN,NaN
128000,,NaN,NaN,-0.07395,-1.08427,-0.62936,-1.41029,-0.28422,NaN,NaN,NaN
130000,,NaN,NaN,0.02899,-1.403,-0.28231,-1.13673,-0.19208,NaN,NaN,NaN
132000,,NaN,NaN,0.13192,-1.59366,0.06847,-0.59429,-0.09519,NaN,NaN,NaN
134000,,NaN,NaN,0.22591,-1.6406,0.42163,0.03461,-0.00225,NaN,NaN,NaN
136000,,NaN,NaN,0.31541,-1.54208,0.77656,0.52266,0.0893,NaN,NaN,NaN
138000,,NaN,NaN,0.3976,-1.30912,1.13122,0.6843,0.17684,NaN,NaN,NaN
140000,,NaN,NaN,0.47043,-0.96315,1.48603,0.45691,0.25642,NaN,NaN,NaN
142000,,NaN,NaN,0.53389,-0.53663,-0.08757,-0.06276,0.32829,NaN,NaN,NaN
144000,,NaN,NaN,0.58475,-0.07012,-1.66299,-0.65787,0.38651,NaN,NaN,NaN
146000,,NaN,NaN,0.62788,0.39523,-1.31333,-1.08221,0.4372,NaN,NaN,NaN
148000,,NaN,NaN,0.66002,0.81711,-0.96616,-1.14729,0.47553,NaN,NaN,NaN
150000,,NaN,NaN,0.68158,1.15903,-0.62042,-0.78177,0.50115,NaN,NaN,NaN
152000,,NaN,NaN,0.69542,1.39025,-0.27731,-0.05743,0.5177,NaN,NaN,NaN
154000,,NaN,NaN,0.69745,1.49167,0.06372,0.83012,0.5204,NaN,NaN,NaN
156000,,NaN,NaN,0.69501,1.45226,0.40373,1.61531,0.51703,NaN,NaN,NaN
158000,,NaN,NaN,0.68118,1.27435,0.74249,2.04021,0.50098,NaN,NaN,NaN
160000,,NaN,NaN,0.66002,0.973,1.0814,1.95217,0.47528,NaN,NaN,NaN
162000,,NaN,NaN,0.63357,0.57546,1.41957,1.36287,0.44377,NaN,NaN,NaN
164000,,NaN,NaN,0.5998,0.12286,1.75844,0.43734,0.40425,NaN,NaN,NaN
166000,,NaN,NaN,0.56522,-0.33902,-1.75523,-0.56895,0.36364,NaN,NaN,NaN
168000,,NaN,NaN,0.52616,-0.76032,-1.41456,-1.39271,0.31911,NaN,NaN,NaN
170000,,NaN,NaN,0.48711,-1.09354,-1.07313,-1.84292,0.27496,NaN,NaN,NaN
172000,,NaN,NaN,0.4509,-1.30043,-0.73259,-1.83804,0.23472,NaN,NaN,NaN
174000,,NaN,NaN,0.4155,-1.3578,-0.39263,-1.40971,0.19588,NaN,NaN,NaN
176000,,NaN,NaN,0.38417,-1.25928,-0.05446,-0.69163,0.16214,NaN,NaN,NaN
178000,,NaN,NaN,0.35325,-1.01821,0.28042,0.11511,0.1294,NaN,NaN,NaN
180000,,NaN,NaN,0.32803,-0.66586,0.6128,0.80079,0.10244,NaN,NaN,NaN
182000,,NaN,NaN,0.30809,-0.24456,0.94121,1.19985,0.08154,NaN,NaN,NaN
184000,,NaN,NaN,0.28856,0.19645,1.26681,1.23588,0.06128,NaN,NaN,NaN
186000,,NaN,NaN,0.27351,0.60733,1.58966,0.94275,0.04595,NaN,NaN,NaN
188000,,NaN,NaN,0.2613,0.94345,-0.01699,0.44053,0.03327,NaN,NaN,NaN
190000,,NaN,NaN,0.25398,1.17293,-1.62391,-0.11016,0.02602,NaN,NaN,NaN
192000,,NaN,NaN,0.25113,1.27203,-1.30475,-0.54672,0.02324,NaN,NaN,NaN
194000,,NaN,NaN,0.2495,1.23436,-0.98509,-0.75031,0.02147,NaN,NaN,NaN
196000,,NaN,NaN,0.25439,1.06399,-0.66503,-0.6738,0.02619,NaN,NaN,NaN
198000,,NaN,NaN,0.26049,0.78176,-0.34407,-0.34435,0.0323,NaN,NaN,NaN
200000,,NaN,NaN,0.26741,0.41725,-0.02063,0.13841,0.03954,NaN,NaN,NaN
202000,,NaN,NaN,0.27514,0.00985,0.30407,0.61745,0.04759,NaN,NaN,NaN
204000,,NaN,NaN,0.28164,-0.39639,0.63071,0.92666,0.05399,NaN,NaN,NaN
206000,,NaN,NaN,0.29263,-0.7609,0.95903,0.94406,0.06533,NaN,NaN,NaN
208000,,NaN,NaN,0.30117,-1.04776,1.28867,0.62788,0.07459,NaN,NaN,NaN
210000,,NaN,NaN,0.31135,-1.22741,1.62003,0.04439,0.08529,NaN,NaN,NaN
212000,,NaN,NaN,0.32599,-1.28478,0.02387,-0.65135,0.10017,NaN,NaN,NaN
214000,,NaN,NaN,0.34186,-1.21582,-1.572,-1.2727,0.11727,NaN,NaN,NaN
216000,,NaN,NaN,0.36586,-1.02864,-1.2409,-1.64849,0.14255,NaN,NaN,NaN
218000,,NaN,NaN,0.39272,-0.74352,-0.91088,-1.66091,0.17141,NaN,NaN,NaN
220000,,NaN,NaN,0.42648,-0.38827,-0.58166,-1.27897,0.20789,NaN,NaN,NaN
222000,,NaN,NaN,0.46758,0.00406,-0.2542,-0.56253,0.25318,NaN,NaN,NaN
224000,,NaN,NaN,0.51274,0.39986,0.07287,0.34702,0.30407,NaN,NaN,NaN
226000,,NaN,NaN,0.56482,0.76554,0.39941,1.24174,0.36326,NaN,NaN,NaN
228000,,NaN,NaN,0.61689,1.07036,0.72529,1.89377,0.42447,NaN,NaN,NaN
230000,,NaN,NaN,0.67426,1.29173,1.05227,2.12681,0.49209,NaN,NaN,NaN
232000,,NaN,NaN,0.73447,1.41111,1.37986,1.86799,0.5656,NaN,NaN,NaN
234000,,NaN,NaN,0.79387,1.41691,1.70942,1.18127,0.63929,NaN,NaN,NaN
236000,,NaN,NaN,0.8549,1.30448,-1.81312,0.25992,0.71647,NaN,NaN,NaN
238000,,NaN,NaN,0.91267,1.07905,-1.47955,-0.63917,0.79158,NaN,NaN,NaN
240000,,NaN,NaN,0.97126,0.7551,-1.14232,-1.2744,0.86822,NaN,NaN,NaN
242000,,NaN,NaN,1.02537,0.3535,-0.80232,-1.47748,0.94127,NaN,NaN,NaN
244000,,NaN,NaN,1.07175,-0.09562,-0.45856,-1.20622,1.00433,NaN,NaN,NaN
246000,,NaN,NaN,1.11325,-0.55575,-0.11149,-0.5656,1.06226,NaN,NaN,NaN
248000,,NaN,NaN,1.14621,-0.98517,0.23905,0.21503,1.1081,NaN,NaN,NaN
250000,,NaN,NaN,1.17103,-1.34099,0.59349,0.83776,1.14298,NaN,NaN,NaN
252000,,NaN,NaN,1.18405,-1.58265,0.95021,1.03712,1.16198,NaN,NaN,NaN
254000,,NaN,NaN,1.18527,-1.68175,1.30919,0.7067,1.16362,NaN,NaN,NaN
256000,,NaN,NaN,1.17998,-1.62438,1.66867,-0.04417,1.15553,NaN,NaN,NaN
258000,,NaN,NaN,1.16004,-1.41111,-1.82595,-0.94197,1.12798,NaN,NaN,NaN
260000,,NaN,NaN,1.13075,-1.06051,-1.46741,-1.6561,1.08619,NaN,NaN,NaN
262000,,NaN,NaN,1.08844,-0.60559,-1.11183,-1.9232,1.02759,NaN,NaN,NaN
264000,,NaN,NaN,1.03392,-0.0904,-0.75884,-1.63238,0.9531,NaN,NaN,NaN
266000,,NaN,NaN,0.97126,0.43463,-0.40929,-0.84263,0.86817,NaN,NaN,NaN
268000,,NaN,NaN,0.89437,0.91853,-0.06294,0.23935,0.76715,NaN,NaN,NaN
270000,,NaN,NaN,0.80852,1.31607,0.28025,1.30924,0.65782,NaN,NaN,NaN
272000,,NaN,NaN,0.71291,1.59076,0.61992,2.06476,0.53923,NaN,NaN,NaN
274000,,NaN,NaN,0.60998,1.71941,0.95791,2.31165,0.41626,NaN,NaN,NaN
276000,,NaN,NaN,0.50338,1.69392,1.29377,2.02041,0.29362,NaN,NaN,NaN
278000,,NaN,NaN,0.39027,1.51948,1.62812,1.32379,0.16888,NaN,NaN,NaN
280000,,NaN,NaN,0.2788,1.21466,0.03386,0.45545,0.05146,NaN,NaN,NaN
282000,,NaN,NaN,0.16691,0.81074,-1.56247,-0.34867,-0.06098,NaN,NaN,NaN
284000,,NaN,NaN,0.05665,0.34539,-1.23268,-0.91648,-0.1663,NaN,NaN,NaN
286000,,NaN,NaN,-0.05035,-0.13561,-0.9054,-1.16703,-0.26366,NaN,NaN,NaN
288000,,NaN,NaN,-0.15613,-0.58589,-0.58038,-1.11462,-0.35461,NaN,NaN,NaN
290000,,NaN,NaN,-0.25011,-0.96315,-0.25759,-0.84517,-0.43171,NaN,NaN,NaN
292000,,NaN,NaN,-0.33677,-1.23552,0.06157,-0.4741,-0.49912,NaN,NaN,NaN
294000,,NaN,NaN,-0.41285,-1.3833,0.37826,-0.11698,-0.55574,NaN,NaN,NaN
296000,,NaN,NaN,-0.47592,-1.40068,0.69071,0.13607,-0.60073,NaN,NaN,NaN
298000,,NaN,NaN,-0.52515,-1.29289,1.00048,0.24136,-0.63473,NaN,NaN,NaN
300000,,NaN,NaN,-0.55607,-1.08021,1.30888,0.19545,-0.6555,NaN,NaN,NaN
302000,,NaN,NaN,-0.57438,-0.78814,1.61526,0.02514,-0.66755,NaN,NaN,NaN
304000,,NaN,NaN,-0.57885,-0.45028,-0.00496,-0.21473,-0.67066,NaN,NaN,NaN
306000,,NaN,NaN,-0.56868,-0.09968,-1.62605,-0.45191,-0.66384,NaN,NaN,NaN
308000,,NaN,NaN,-0.55078,0.23296,-1.31855,-0.61301,-0.65209,NaN,NaN,NaN
310000,,NaN,NaN,-0.52555,0.52388,-1.00861,-0.63092,-0.63494,NaN,NaN,NaN
312000,,NaN,NaN,-0.49789,0.75626,-0.69777,-0.46505,-0.61611,NaN,NaN,NaN
314000,,NaN,NaN,-0.46859,0.91447,-0.38355,-0.12201,-0.59567,NaN,NaN,NaN
316000,,NaN,NaN,-0.43604,0.99386,-0.06688,0.33969,-0.5728,NaN,NaN,NaN
318000,,NaN,NaN,-0.40757,0.99097,0.25311,0.81581,-0.55203,NaN,NaN,NaN
320000,,NaN,NaN,-0.37786,0.90868,0.57632,1.17439,-0.53012,NaN,NaN,NaN
322000,,NaN,NaN,-0.34816,0.75453,0.9013,1.29771,-0.50796,NaN,NaN,NaN
324000,,NaN,NaN,-0.31928,0.54126,1.23007,1.12338,-0.48589,NaN,NaN,NaN
326000,,NaN,NaN,-0.28958,0.28628,1.56141,0.66944,-0.46305,NaN,NaN,NaN
328000,,NaN,NaN,-0.26395,0.01217,-0.03153,0.0375,-0.44279,NaN,NaN,NaN
330000,,NaN,NaN,-0.23587,-0.2602,-1.62194,-0.61347,-0.42055,NaN,NaN,NaN
332000,,NaN,NaN,-0.21065,-0.5065,-1.28346,-1.11687,-0.39982,NaN,NaN,NaN
334000,,NaN,NaN,-0.18746,-0.70295,-0.94132,-1.34237,-0.38086,NaN,NaN,NaN
336000,,NaN,NaN,-0.16549,-0.82928,-0.59758,-1.2306,-0.36266,NaN,NaN,NaN
338000,,NaN,NaN,-0.14881,-0.86869,-0.25204,-0.81364,-0.34863,NaN,NaN,NaN
340000,,NaN,NaN,-0.1305,-0.81538,0.09571,-0.21125,-0.33317,NaN,NaN,NaN
342000,,NaN,NaN,-0.11504,-0.67282,0.44431,0.3983,-0.32024,NaN,NaN,NaN
344000,,NaN,NaN,-0.10283,-0.45608,0.79441,0.82863,-0.30966,NaN,NaN,NaN
346000,,NaN,NaN,-0.09266,-0.1895,1.14397,0.95045,-0.30077,NaN,NaN,NaN
348000,,NaN,NaN,-0.08696,0.0991,1.49412,0.74247,-0.29559,NaN,NaN,NaN
350000,,NaN,NaN,-0.08086,0.3761,-0.08199,0.29749,-0.29033,NaN,NaN,NaN
352000,,NaN,NaN,-0.08127,0.60965,-1.65819,-0.21262,-0.29096,NaN,NaN,NaN
354000,,NaN,NaN,-0.08737,0.77307,-1.30594,-0.60003,-0.29606,NaN,NaN,NaN
356000,,NaN,NaN,-0.09754,0.84319,-0.95325,-0.72509,-0.30503,NaN,NaN,NaN
358000,,NaN,NaN,-0.11504,0.81248,-0.59772,-0.54112,-0.32007,NaN,NaN,NaN
360000,,NaN,NaN,-0.13701,0.68093,-0.23922,-0.10972,-0.33869,NaN,NaN,NaN
362000,,NaN,NaN,-0.16915,0.46361,0.12233,0.41085,-0.36574,NaN,NaN,NaN
364000,,NaN,NaN,-0.20577,0.18197,0.48848,0.815,-0.39603,NaN,NaN,NaN
366000,,NaN,NaN,-0.24767,-0.12981,0.85795,0.92605,-0.43002,NaN,NaN,NaN
368000,,NaN,NaN,-0.29812,-0.43637,1.23263,0.6727,-0.46958,NaN,NaN,NaN
370000,,NaN,NaN,-0.35345,-0.70005,1.61118,0.12877,-0.5118,NaN,NaN,NaN
372000,,NaN,NaN,-0.41814,-0.88897,0.06598,-0.51388,-0.55974,NaN,NaN,NaN
374000,,NaN,NaN,-0.48812,-0.97764,-1.475,-1.0275,-0.60932,NaN,NaN,NaN
376000,,NaN,NaN,-0.56542,-0.9562,-1.08548,-1.23554,-0.66165,NaN,NaN,NaN
378000,,NaN,NaN,-0.64761,-0.82523,-0.69093,-1.07514,-0.71456,NaN,NaN,NaN
380000,,NaN,NaN,-0.73264,-0.60269,-0.29414,-0.61738,-0.76621,NaN,NaN,NaN
382000,,NaN,NaN,-0.82215,-0.31641,0.10689,-0.03507,-0.81706,NaN,NaN,NaN
384000,,NaN,NaN,-0.9084,0.00058,0.51338,0.46654,-0.86252,NaN,NaN,NaN
386000,,NaN,NaN,-0.99384,0.31467,0.92528,0.72933,-0.90461,NaN,NaN,NaN
388000,,NaN,NaN,-1.07318,0.59458,1.34556,0.7083,-0.94088,NaN,NaN,NaN
390000,,NaN,NaN,-1.1456,0.81421,1.77059,0.48293,-0.97159,NaN,NaN,NaN
392000,,NaN,NaN,-1.21069,0.95504,-1.64881,0.20398,-0.99708,NaN,NaN,NaN
394000,,NaN,NaN,-1.26277,1.00661,-1.20614,0.02124,-1.01633,NaN,NaN,NaN
396000,,NaN,NaN,-1.30346,0.9701,-0.7526,0.01887,-1.03065,NaN,NaN,NaN
398000,,NaN,NaN,-1.32502,0.85246,-0.29194,0.18063,-1.03773,NaN,NaN,NaN
400000,,NaN,NaN,-1.3299,0.6676,0.16806,0.40186,-1.03942,NaN,NaN,NaN
402000,,NaN,NaN,-1.31688,0.43174,0.62604,0.54219,-1.03504,NaN,NaN,NaN
404000,,NaN,NaN,-1.29084,0.16632,1.07472,0.48837,-1.02632,NaN,NaN,NaN
406000,,NaN,NaN,-1.25748,-0.11069,1.51683,0.21329,-1.01448,NaN,NaN,NaN
408000,,NaN,NaN,-1.21883,-0.37842,0.02058,-0.20347,-1.0002,NaN,NaN,NaN
410000,,NaN,NaN,-1.18099,-0.6195,-1.48306,-0.61593,-0.98579,NaN,NaN,NaN
412000,,NaN,NaN,-1.14072,-0.81711,-1.06698,-0.8783,-0.96961,NaN,NaN,NaN
414000,,NaN,NaN,-1.10613,-0.95852,-0.65705,-0.90104,-0.9552,NaN,NaN,NaN
416000,,NaN,NaN,-1.0744,-1.03385,-0.25073,-0.69079,-0.94143,NaN,NaN,NaN
418000,,NaN,NaN,-1.04714,-1.03849,0.1482,-0.34586,-0.9295,NaN,NaN,NaN
420000,,NaN,NaN,-1.0268,-0.96895,0.54258,-0.00895,-0.92011,NaN,NaN,NaN
422000,,NaN,NaN,-1.01012,-0.82755,0.93135,0.19258,-0.91244,NaN,NaN,NaN
424000,,NaN,NaN,-1.00401,-0.61834,1.31567,0.19728,-0.90953,NaN,NaN,NaN
426000,,NaN,NaN,-1.00442,-0.35466,1.69546,0.03998,-0.90966,NaN,NaN,NaN
428000,,NaN,NaN,-1.01459,-0.051,-1.78476,-0.17356,-0.91438,NaN,NaN,NaN
430000,,NaN,NaN,-1.03127,0.26715,-1.41346,-0.32223,-0.92221,NaN,NaN,NaN
432000,,NaN,NaN,-1.05446,0.57719,-1.04669,-0.31447,-0.93262,NaN,NaN,NaN
434000,,NaN,NaN,-1.08742,0.85188,-0.68255,-0.12307,-0.94711,NaN,NaN,NaN
436000,,NaN,NaN,-1.12403,1.06746,-0.32189,0.20134,-0.96266,NaN,NaN,NaN
438000,,NaN,NaN,-1.16716,1.20191,0.03451,0.55853,-0.98027,NaN,NaN,NaN
440000,,NaN,NaN,-1.21273,1.23958,0.39007,0.83646,-0.99805,NaN,NaN,NaN
442000,,NaN,NaN,-1.2644,1.17004,0.74021,0.94428,-1.01696,NaN,NaN,NaN
444000,,NaN,NaN,-1.32421,0.99386,1.08833,0.85108,-1.03739,NaN,NaN,NaN
446000,,NaN,NaN,-1.38564,0.72555,1.43187,0.59351,-1.05698,NaN,NaN,NaN
448000,,NaN,NaN,-1.45481,0.38595,1.77117,0.2473,-1.07679,NaN,NaN,NaN
450000,,NaN,NaN,-1.52723,0.00579,-1.74514,-0.09984,-1.09553,NaN,NaN,NaN
452000,,NaN,NaN,-1.60534,-0.37784,-1.41632,-0.37569,-1.11302,NaN,NaN,NaN
454000,,NaN,NaN,-1.6859,-0.72671,-1.09774,-0.55017,-1.12839,NaN,NaN,NaN
456000,,NaN,NaN,-1.76401,-1.00488,-0.80375,-0.63279,-1.14053,NaN,NaN,NaN
458000,,NaN,NaN,-1.84172,-1.18453,-0.55702,-0.65067,-1.15001,NaN,NaN,NaN
460000,,NaN,NaN,-1.90519,-1.24711,-0.4057,-0.63534,-1.15582,NaN,NaN,NaN
462000,,NaN,NaN,-1.92716,-1.18916,-0.41215,-0.6026,-1.15742,NaN,NaN,NaN
464000,,NaN,NaN,-1.88973,-1.02226,-0.39936,-0.53786,-1.15451,NaN,NaN,NaN
466000,,NaN,NaN,-1.8104,-0.76901,-0.23876,-0.41469,-1.14642,NaN,NaN,NaN
468000,,NaN,NaN,-1.7095,-0.46187,0.00784,-0.21616,-1.13223,NaN,NaN,NaN
470000,,NaN,NaN,-1.59802,-0.13735,0.30164,0.05354,-1.11137,NaN,NaN,NaN
472000,,NaN,NaN,-1.47515,0.17269,0.61834,0.35042,-1.08222,NaN,NaN,NaN
474000,,NaN,NaN,-1.34821,0.43811,0.94404,0.59198,-1.0451,NaN,NaN,NaN
476000,,NaN,NaN,-1.21598,0.63862,1.27795,0.69304,-0.99897,NaN,NaN,NaN
478000,,NaN,NaN,-1.07643,0.76264,1.61602,0.59758,-0.94214,NaN,NaN,NaN
480000,,NaN,NaN,-0.93485,0.80552,0.03267,0.30926,-0.87579,NaN,NaN,NaN
482000,,NaN,NaN,-0.78879,0.77423,-1.54641,-0.08667,-0.79802,NaN,NaN,NaN
484000,,NaN,NaN,-0.64069,0.68209,-1.19632,-0.44621,-0.70993,NaN,NaN,NaN
486000,,NaN,NaN,-0.48853,0.5459,-0.84238,-0.62295,-0.60954,NaN,NaN,NaN
488000,,NaN,NaN,-0.33392,0.38422,-0.48695,-0.51714,-0.49684,NaN,NaN,NaN
490000,,NaN,NaN,-0.18257,0.21442,-0.12853,-0.12448,-0.37677,NaN,NaN,NaN
492000,,NaN,NaN,-0.03041,0.05158,0.23155,0.43535,-0.24546,NaN,NaN,NaN
494000,,NaN,NaN,0.11809,-0.09504,0.5925,0.94977,-0.10816,NaN,NaN,NaN
496000,,NaN,NaN,0.26456,-0.21674,0.95564,1.18644,0.03676,NaN,NaN,NaN
498000,,NaN,NaN,0.40533,-0.31236,1.31937,0.9863,0.18535,NaN,NaN,NaN
500000,,NaN,NaN,0.53796,-0.38016,1.68416,0.35762,0.33288,NaN,NaN,NaN
502000,,NaN,NaN,0.66531,-0.42247,-1.80472,-0.50847,0.48168,NaN,NaN,NaN
504000,,NaN,NaN,0.78248,-0.44043,-1.43909,-1.3156,0.6253,NaN,NaN,NaN
506000,,NaN,NaN,0.89396,-0.43521,-1.0724,-1.77278,0.76732,NaN,NaN,NaN
508000,,NaN,NaN,0.99445,-0.40566,-0.70633,-1.69128,0.89985,NaN,NaN,NaN
510000,,NaN,NaN,1.08233,-0.35234,-0.34009,-1.05823,1.01891,NaN,NaN,NaN
512000,,NaN,NaN,1.16045,-0.27527,0.02545,-0.05181,1.12832,NaN,NaN,NaN
514000,,NaN,NaN,1.22392,-0.17617,0.39069,1.00265,1.21894,NaN,NaN,NaN
516000,,NaN,NaN,1.27518,-0.06143,0.75543,1.72733,1.29321,NaN,NaN,NaN
518000,,NaN,NaN,1.30854,0.06027,1.11887,1.84599,1.34288,NaN,NaN,NaN
520000,,NaN,NaN,1.32767,0.17675,1.48174,1.31911,1.37132,NaN,NaN,NaN
522000,,NaN,NaN,1.33418,0.27527,-0.08377,0.3578,1.38105,NaN,NaN,NaN
524000,,NaN,NaN,1.32319,0.34365,-1.65008,-0.67878,1.36415,NaN,NaN,NaN
526000,,NaN,NaN,1.29878,0.37031,-1.29039,-1.42916,1.32788,NaN,NaN,NaN
528000,,NaN,NaN,1.25931,0.34713,-0.93218,-1.6592,1.27021,NaN,NaN,NaN
530000,,NaN,NaN,1.20805,0.27353,-0.57476,-1.32124,1.19627,NaN,NaN,NaN
532000,,NaN,NaN,1.14417,0.15415,-0.21878,-0.54984,1.10548,NaN,NaN,NaN
534000,,NaN,NaN,1.06443,0.00348,0.13652,0.37869,0.99456,NaN,NaN,NaN
536000,,NaN,NaN,0.97533,-0.16168,0.49044,1.13195,0.87386,NaN,NaN,NaN
538000,,NaN,NaN,0.8728,-0.31873,0.84295,1.44953,0.73943,NaN,NaN,NaN
540000,,NaN,NaN,0.76295,-0.44391,1.19489,1.24382,0.60095,NaN,NaN,NaN
542000,,NaN,NaN,0.64619,-0.51693,1.54439,0.62136,0.45902,NaN,NaN,NaN
544000,,NaN,NaN,0.5221,-0.52388,-0.03556,-0.17309,0.3149,NaN,NaN,NaN
546000,,NaN,NaN,0.39841,-0.45955,-1.61971,-0.86733,0.17751,NaN,NaN,NaN
548000,,NaN,NaN,0.27107,-0.32974,-1.2814,-1.26398,0.04342,NaN,NaN,NaN
550000,,NaN,NaN,0.14576,-0.14662,-0.94803,-1.28101,-0.0817,NaN,NaN,NaN
552000,,NaN,NaN,0.02248,0.06548,-0.62187,-0.95204,-0.19815,NaN,NaN,NaN
554000,,NaN,NaN,-0.09592,0.28048,-0.3028,-0.39953,-0.30343,NaN,NaN,NaN
556000,,NaN,NaN,-0.20129,0.46998,0.00812,0.21659,-0.39232,NaN,NaN,NaN
558000,,NaN,NaN,-0.29812,0.60849,0.31101,0.74929,-0.46946,NaN,NaN,NaN
560000,,NaN,NaN,-0.37949,0.67919,0.60682,1.09462,-0.53122,NaN,NaN,NaN
562000,,NaN,NaN,-0.44296,0.6705,0.89492,1.20573,-0.57756,NaN,NaN,NaN
564000,,NaN,NaN,-0.48609,0.58183,1.17933,1.08895,-0.60772,NaN,NaN,NaN
566000,,NaN,NaN,-0.50277,0.42362,1.46168,0.7808,-0.61956,NaN,NaN,NaN
568000,,NaN,NaN,-0.49951,0.21268,1.74403,0.3351,-0.61733,NaN,NaN,NaN
570000,,NaN,NaN,-0.47225,-0.02782,-1.82405,-0.17842,-0.5982,NaN,NaN,NaN
572000,,NaN,NaN,-0.4214,-0.26832,-1.53406,-0.67822,-0.56222,NaN,NaN,NaN
574000,,NaN,NaN,-0.35508,-0.48447,-1.23713,-1.07443,-0.51298,NaN,NaN,NaN
576000,,NaN,NaN,-0.27208,-0.65427,-0.93385,-1.27745,-0.4489,NaN,NaN,NaN
578000,,NaN,NaN,-0.17729,-0.76264,-0.62507,-1.22202,-0.37218,NaN,NaN,NaN
580000,,NaN,NaN,-0.07028,-0.80205,-0.30996,-0.89124,-0.28106,NaN,NaN,NaN
582000,,NaN,NaN,0.04526,-0.77365,0.00941,-0.33573,-0.1767,NaN,NaN,NaN
584000,,NaN,NaN,0.16406,-0.68383,0.33316,0.31928,-0.0635,NaN,NaN,NaN
586000,,NaN,NaN,0.291,-0.5459,0.65996,0.89278,0.06427,NaN,NaN,NaN
588000,,NaN,NaN,0.4212,-0.37668,0.98915,1.1989,0.20258,NaN,NaN,NaN
590000,,NaN,NaN,0.55505,-0.19182,1.32176,1.11251,0.35231,NaN,NaN,NaN
592000,,NaN,NaN,0.69135,-0.0058,1.65598,0.62884,0.51328,NaN,NaN,NaN
594000,,NaN,NaN,0.82724,0.1698,0.06531,-0.11784,0.68121,NaN,NaN,NaN
596000,,NaN,NaN,0.9676,0.32742,-1.5236,-0.89172,0.86371,NaN,NaN,NaN
598000,,NaN,NaN,1.10512,0.46303,-1.18391,-1.42993,1.05118,NaN,NaN,NaN
600000,,NaN,NaN,1.24141,0.57314,-0.84202,-1.5233,1.244,NaN,NaN,NaN
602000,,NaN,NaN,1.37527,0.65485,-0.49922,-1.08303,1.44264,NaN,NaN,NaN
604000,,NaN,NaN,1.50383,0.70411,-0.15501,-0.17779,1.63989,NaN,NaN,NaN
606000,,NaN,NaN,1.62996,0.7157,0.19081,0.95941,1.84101,NaN,NaN,NaN
608000,,NaN,NaN,1.74713,0.6873,0.53806,1.97108,2.03362,NaN,NaN,NaN
610000,,NaN,NaN,1.8578,0.61428,0.88701,2.48478,2.22156,NaN,NaN,NaN
612000,,NaN,NaN,1.95992,0.49316,1.2368,2.26503,2.39964,NaN,NaN,NaN
614000,,NaN,NaN,2.05146,0.32511,1.58861,1.33146,2.5631,NaN,NaN,NaN
616000,,NaN,NaN,2.13486,0.11185,0.01515,-0.03314,2.71522,NaN,NaN,NaN
618000,,NaN,NaN,2.20281,-0.13503,-1.55649,-1.39444,2.84169,NaN,NaN,NaN
620000,,NaN,NaN,2.26017,-0.39871,-1.19894,-2.3314,2.94933,NaN,NaN,NaN
622000,,NaN,NaN,2.30452,-0.65485,-0.83972,-2.56772,3.03359,NaN,NaN,NaN
624000,,NaN,NaN,2.333,-0.8797,-0.47831,-2.03881,3.08941,NaN,NaN,NaN
626000,,NaN,NaN,2.34765,-1.04544,-0.11545,-0.91315,3.11713,NaN,NaN,NaN
628000,,NaN,NaN,2.34317,-1.13121,0.24852,0.43235,3.10875,NaN,NaN,NaN
630000,,NaN,NaN,2.32568,-1.11904,0.6133,1.51792,3.07492,NaN,NaN,NaN
632000,,NaN,NaN,2.29109,-1.00256,0.97774,1.9408,3.00844,NaN,NaN,NaN
634000,,NaN,NaN,2.23739,-0.78872,1.34182,1.56253,2.90666,NaN,NaN,NaN
636000,,NaN,NaN,2.167,-0.49606,1.70404,0.57861,2.77454,NaN,NaN,NaN
638000,,NaN,NaN,2.07668,-0.15299,-1.78952,-0.59388,2.60889,NaN,NaN,NaN
640000,,NaN,NaN,1.97497,0.20573,-1.43113,-1.51166,2.42567,NaN,NaN,NaN
642000,,NaN,NaN,1.85495,0.54358,-1.07529,-1.86366,2.21646,NaN,NaN,NaN
644000,,NaN,NaN,1.72069,0.82523,-0.72149,-1.55103,1.99002,NaN,NaN,NaN
646000,,NaN,NaN,1.57341,1.02516,-0.37089,-0.69111,1.75048,NaN,NaN,NaN
648000,,NaN,NaN,1.41188,1.12425,-0.0222,0.43054,1.49821,NaN,NaN,NaN
650000,,NaN,NaN,1.24101,1.1144,0.32487,1.44526,1.24447,NaN,NaN,NaN
652000,,NaN,NaN,1.05955,1.0014,0.67002,2.02623,0.98841,NaN,NaN,NaN
654000,,NaN,NaN,0.87077,0.79915,1.0136,2.01457,0.73757,NaN,NaN,NaN
656000,,NaN,NaN,0.67792,0.53257,1.35455,1.46956,0.49773,NaN,NaN,NaN
658000,,NaN,NaN,0.48182,0.22949,1.69347,0.61498,0.26994,NaN,NaN,NaN
660000,,NaN,NaN,0.28775,-0.07766,-1.82537,-0.26481,0.06103,NaN,NaN,NaN
662000,,NaN,NaN,0.09286,-0.35988,-1.49567,-0.93739,-0.13226,NaN,NaN,NaN
664000,,NaN,NaN,-0.09388,-0.5911,-1.17216,-1.28628,-0.30111,NaN,NaN,NaN
666000,,NaN,NaN,-0.26761,-0.75395,-0.85832,-1.3095,-0.44549,NaN,NaN,NaN
668000,,NaN,NaN,-0.42872,-0.83566,-0.55497,-1.0862,-0.5669,NaN,NaN,NaN
670000,,NaN,NaN,-0.56583,-0.84087,-0.26543,-0.73289,-0.66182,NaN,NaN,NaN
672000,,NaN,NaN,-0.67527,-0.78003,0.00948,-0.35062,-0.73167,NaN,NaN,NaN
674000,,NaN,NaN,-0.74729,-0.6705,0.27351,0.00093,-0.77443,NaN,NaN,NaN
676000,,NaN,NaN,-0.7778,-0.53026,0.52981,0.29345,-0.79221,NaN,NaN,NaN
678000,,NaN,NaN,-0.77007,-0.37553,0.78591,0.51099,-0.78787,NaN,NaN,NaN
680000,,NaN,NaN,-0.72166,-0.21674,1.04862,0.63256,-0.75947,NaN,NaN,NaN
682000,,NaN,NaN,-0.64191,-0.06433,1.32165,0.61903,-0.71111,NaN,NaN,NaN
684000,,NaN,NaN,-0.54142,0.07418,1.60826,0.4374,-0.64572,NaN,NaN,NaN
686000,,NaN,NaN,-0.42465,0.19414,-0.02145,0.09876,-0.56404,NaN,NaN,NaN
688000,,NaN,NaN,-0.29812,0.29207,-1.64107,-0.32907,-0.46958,NaN,NaN,NaN
690000,,NaN,NaN,-0.16305,0.36741,-1.32501,-0.72547,-0.36043,NaN,NaN,NaN
692000,,NaN,NaN,-0.02797,0.42073,-1.00335,-0.94418,-0.24365,NaN,NaN,NaN
694000,,NaN,NaN,0.10385,0.4497,-0.67601,-0.8731,-0.12173,NaN,NaN,NaN
696000,,NaN,NaN,0.23608,0.45086,-0.34522,-0.48099,0.00769,NaN,NaN,NaN
698000,,NaN,NaN,0.3622,0.41899,-0.0106,0.16274,0.13871,NaN,NaN,NaN
700000,,NaN,NaN,0.48507,0.35118,0.32771,0.88174,0.27277,NaN,NaN,NaN
702000,,NaN,NaN,0.60143,0.24513,0.66833,1.43144,0.40577,NaN,NaN,NaN
704000,,NaN,NaN,0.71088,0.10547,1.01204,1.58848,0.53708,NaN,NaN,NaN
706000,,NaN,NaN,0.81828,-0.05621,1.35803,1.24284,0.66996,NaN,NaN,NaN
708000,,NaN,NaN,0.91634,-0.22543,1.707,0.45281,0.79601,NaN,NaN,NaN
710000,,NaN,NaN,1.01032,-0.38306,-1.79539,-0.55268,0.92092,NaN,NaN,NaN
712000,,NaN,NaN,1.09657,-0.50939,-1.44228,-1.45812,1.03867,NaN,NaN,NaN
714000,,NaN,NaN,1.17632,-0.58647,-1.08691,-1.9747,1.15103,NaN,NaN,NaN
716000,,NaN,NaN,1.24955,-0.59922,-0.73044,-1.92195,1.25609,NaN,NaN,NaN
718000,,NaN,NaN,1.31098,-0.53895,-0.37257,-1.28304,1.34596,NaN,NaN,NaN
720000,,NaN,NaN,1.3651,-0.4074,-0.01426,-0.22798,1.42688,NaN,NaN,NaN
722000,,NaN,NaN,1.40782,-0.21848,0.34397,0.92245,1.4921,NaN,NaN,NaN
724000,,NaN,NaN,1.4424,0.00464,0.70273,1.78689,1.54459,NaN,NaN,NaN
726000,,NaN,NaN,1.4664,0.23412,1.06109,2.05908,1.58183,NaN,NaN,NaN
728000,,NaN,NaN,1.47779,0.43869,1.41946,1.64718,1.59919,NaN,NaN,NaN
730000,,NaN,NaN,1.48146,0.5882,1.77757,0.71993,1.60509,NaN,NaN,NaN
732000,,NaN,NaN,1.47251,0.65949,-1.71815,-0.37955,1.59127,NaN,NaN,NaN
734000,,NaN,NaN,1.45298,0.63862,-1.35859,-1.27235,1.56073,NaN,NaN,NaN
736000,,NaN,NaN,1.41921,0.52156,-0.99823,-1.67179,1.50904,NaN,NaN,NaN
738000,,NaN,NaN,1.37039,0.31931,-0.63563,-1.47187,1.43544,NaN,NaN,NaN
740000,,NaN,NaN,1.31343,0.05447,-0.27105,-0.76883,1.34958,NaN,NaN,NaN
742000,,NaN,NaN,1.23897,-0.2405,0.09632,0.17092,1.24118,NaN,NaN,NaN
744000,,NaN,NaN,1.15353,-0.52794,0.46685,0.97914,1.11867,NaN,NaN,NaN
746000,,NaN,NaN,1.05223,-0.76901,0.83951,1.32587,0.97788,NaN,NaN,NaN
748000,,NaN,NaN,0.93831,-0.92896,1.21499,1.07649,0.82558,NaN,NaN,NaN
750000,,NaN,NaN,0.81462,-0.98807,1.59215,0.3492,0.66574,NaN,NaN,NaN
752000,,NaN,NaN,0.6767,-0.93476,0.04394,-0.54639,0.49542,NaN,NaN,NaN
754000,,NaN,NaN,0.52942,-0.77365,-1.50325,-1.25303,0.32298,NaN,NaN,NaN
756000,,NaN,NaN,0.37075,-0.52504,-1.12383,-1.51512,0.14798,NaN,NaN,NaN
758000,,NaN,NaN,0.20312,-0.21906,-0.74343,-1.26092,-0.0247,NaN,NaN,NaN
760000,,NaN,NaN,0.02818,0.10663,-0.36281,-0.60258,-0.19263,NaN,NaN,NaN
762000,,NaN,NaN,-0.15694,0.41551,0.01998,0.21134,-0.35516,NaN,NaN,NaN
764000,,NaN,NaN,-0.3441,0.67629,0.40484,0.88704,-0.50426,NaN,NaN,NaN
766000,,NaN,NaN,-0.53532,0.86695,0.79375,1.21177,-0.6413,NaN,NaN,NaN
768000,,NaN,NaN,-0.72328,0.97184,1.19037,1.13517,-0.76023,NaN,NaN,NaN
770000,,NaN,NaN,-0.91084,0.98575,1.59574,0.76754,-0.86353,NaN,NaN,NaN
772000,,NaN,NaN,-1.09433,0.91215,0.09071,0.31779,-0.94964,NaN,NaN,NaN
774000,,NaN,NaN,-1.26359,0.76032,-1.39141,-0.01458,-1.01629,NaN,NaN,NaN
776000,,NaN,NaN,-1.41493,0.54996,-0.90849,-0.12853,-1.06528,NaN,NaN,NaN
778000,,NaN,NaN,-1.52723,0.30251,-0.36951,-0.04824,-1.09541,NaN,NaN,NaN
780000,,NaN,NaN,-1.58256,0.03999,0.22724,0.10328,-1.10826,NaN,NaN,NaN
782000,,NaN,NaN,-1.55774,-0.21848,0.83555,0.16473,-1.10269,NaN,NaN,NaN
784000,,NaN,NaN,-1.47149,-0.45955,1.39236,0.02764,-1.08117,NaN,NaN,NaN
786000,,NaN,NaN,-1.34577,-0.67282,-0.03618,-0.29893,-1.04443,NaN,NaN,NaN
788000,,NaN,NaN,-1.20825,-0.84957,-1.50906,-0.69511,-0.99615,NaN,NaN,NaN
790000,,NaN,NaN,-1.06952,-0.98112,-1.0771,-0.98686,-0.93902,NaN,NaN,NaN
792000,,NaN,NaN,-0.93281,-1.05819,-0.66243,-1.02628,-0.87486,NaN,NaN,NaN
794000,,NaN,NaN,-0.80425,-1.07268,-0.25739,-0.76908,-0.80682,NaN,NaN,NaN
796000,,NaN,NaN,-0.67934,-1.02052,0.13985,-0.29745,-0.73424,NaN,NaN,NaN
798000,,NaN,NaN,-0.56542,-0.89998,0.53177,0.21019,-0.66173,NaN,NaN,NaN
800000,,NaN,NaN,-0.45964,-0.71222,0.92026,0.54685,-0.58936,NaN,NaN,NaN
802000,,NaN,NaN,-0.36281,-0.46013,1.30316,0.57454,-0.51875,NaN,NaN,NaN
804000,,NaN,NaN,-0.27615,-0.15299,1.68256,0.29462,-0.45265,NaN,NaN,NaN
806000,,NaN,NaN,-0.19722,0.19066,-1.79618,-0.15277,-0.38916,NaN,NaN,NaN
808000,,NaN,NaN,-0.13335,0.54532,-1.42429,-0.55366,-0.33553,NaN,NaN,NaN
810000,,NaN,NaN,-0.08005,0.87854,-1.05506,-0.70834,-0.28982,NaN,NaN,NaN
812000,,NaN,NaN,-0.04058,1.15323,-0.68871,-0.51007,-0.25494,NaN,NaN,NaN
814000,,NaN,NaN,-0.00926,1.34099,-0.32295,0.01429,-0.22705,NaN,NaN,NaN
816000,,NaN,NaN,0.01312,1.41749,0.0411,0.71056,-0.20657,NaN,NaN,NaN
818000,,NaN,NaN,0.02329,1.36649,0.40547,1.33998,-0.19709,NaN,NaN,NaN
820000,,NaN,NaN,0.02818,1.18394,0.76971,1.65903,-0.19292,NaN,NaN,NaN
822000,,NaN,NaN,0.02248,0.8768,1.13408,1.52084,-0.19785,NaN,NaN,NaN
824000,,NaN,NaN,0.00824,0.46651,1.50081,0.93832,-0.21083,NaN,NaN,NaN
826000,,NaN,NaN,-0.01536,-0.00927,-0.0574,0.08302,-0.23248,NaN,NaN,NaN
828000,,NaN,NaN,-0.05116,-0.50244,-1.61226,-0.78107,-0.26433,NaN,NaN,NaN
830000,,NaN,NaN,-0.09307,-0.95909,-1.23742,-1.40027,-0.30115,NaN,NaN,NaN
832000,,NaN,NaN,-0.14637,-1.32651,-0.8592,-1.61609,-0.34682,NaN,NaN,NaN
834000,,NaN,NaN,-0.20658,-1.56179,-0.47643,-1.40756,-0.39662,NaN,NaN,NaN
836000,,NaN,NaN,-0.27452,-1.63944,-0.09156,-0.89235,-0.45126,NaN,NaN,NaN
838000,,NaN,NaN,-0.3502,-1.5502,0.29645,-0.28261,-0.50935,NaN,NaN,NaN
840000,,NaN,NaN,-0.42791,-1.3068,0.68532,0.19589,-0.56661,NaN,NaN,NaN
842000,,NaN,NaN,-0.51294,-0.94055,1.07646,0.39633,-0.6263,NaN,NaN,NaN
844000,,NaN,NaN,-0.60082,-0.4978,1.4696,0.30711,-0.68478,NaN,NaN,NaN
846000,,NaN,NaN,-0.69724,-0.03129,-0.06198,0.04634,-0.74506,NaN,NaN,NaN
848000,,NaN,NaN,-0.7957,0.40334,-1.58747,-0.20363,-0.80215,NaN,NaN,NaN
850000,,NaN,NaN,-0.89335,0.76264,-1.17922,-0.28425,-0.85494,NaN,NaN,NaN
852000,,NaN,NaN,-0.9914,1.01646,-0.75846,-0.12499,-0.90347,NaN,NaN,NaN
854000,,NaN,NaN,-1.07887,1.15033,-0.32222,0.22605,-0.94341,NaN,NaN,NaN
856000,,NaN,NaN,-1.15211,1.16076,0.13104,0.6202,-0.97429,NaN,NaN,NaN
858000,,NaN,NaN,-1.1989,1.05645,0.60211,0.87228,-0.9927,NaN,NaN,NaN
860000,,NaN,NaN,-1.2172,0.85826,1.08495,0.84336,-0.99961,NaN,NaN,NaN
862000,,NaN,NaN,-1.20052,0.59168,1.57544,0.51365,-0.99337,NaN,NaN,NaN
864000,,NaN,NaN,-1.15129,0.29091,-1.79406,0.00406,-0.97378,NaN,NaN,NaN
866000,,NaN,NaN,-1.06992,-0.00869,-1.31868,-0.47827,-0.93949,NaN,NaN,NaN
868000,,NaN,NaN,-0.95967,-0.27875,-0.85963,-0.73261,-0.88809,NaN,NaN,NaN
870000,,NaN,NaN,-0.82907,-0.49838,-0.41433,-0.65317,-0.82052,NaN,NaN,NaN
872000,,NaN,NaN,-0.68097,-0.65543,0.01769,-0.27936,-0.73474,NaN,NaN,NaN
874000,,NaN,NaN,-0.52433,-0.74757,0.43785,0.20759,-0.63393,NaN,NaN,NaN
876000,,NaN,NaN,-0.36037,-0.77597,0.8492,0.55655,-0.51673,NaN,NaN,NaN
878000,,NaN,NaN,-0.19397,-0.74641,1.2519,0.5601,-0.386,NaN,NaN,NaN
880000,,NaN,NaN,-0.03041,-0.6647,1.6501,0.16278,-0.24571,NaN,NaN,NaN
882000,,NaN,NaN,0.13152,-0.54242,-1.81065,-0.49309,-0.0954,NaN,NaN,NaN
884000,,NaN,NaN,0.28531,-0.39059,-1.42127,-1.12918,0.0585,NaN,NaN,NaN
886000,,NaN,NaN,0.43706,-0.22022,-1.03502,-1.45486,0.22006,NaN,NaN,NaN
888000,,NaN,NaN,0.58028,-0.04115,-0.65195,-1.27941,0.38184,NaN,NaN,NaN
890000,,NaN,NaN,0.71739,0.13792,-0.27046,-0.59059,0.54467,NaN,NaN,NaN
892000,,NaN,NaN,0.84514,0.3083,0.10779,0.42105,0.70412,NaN,NaN,NaN
894000,,NaN,NaN,0.96109,0.45781,0.4838,1.40981,0.85553,NaN,NaN,NaN
896000,,NaN,NaN,1.06891,0.57024,0.85735,1.99568,1.00037,NaN,NaN,NaN
898000,,NaN,NaN,1.16045,0.63109,1.22905,1.92594,1.12811,NaN,NaN,NaN
900000,,NaN,NaN,1.23694,0.62587,1.59987,1.20314,1.23785,NaN,NaN,NaN
902000,,NaN,NaN,1.29797,0.54706,0.04223,0.09387,1.327,NaN,NaN,NaN
904000,,NaN,NaN,1.34272,0.39581,-1.51549,-1.00213,1.39335,NaN,NaN,NaN
906000,,NaN,NaN,1.37649,0.17791,-1.14635,-1.71542,1.4442,NaN,NaN,NaN
908000,,NaN,NaN,1.39236,-0.09214,-0.77693,-1.82612,1.4683,NaN,NaN,NaN
910000,,NaN,NaN,1.39642,-0.38943,-0.40672,-1.32788,1.47462,NaN,NaN,NaN
912000,,NaN,NaN,1.38625,-0.68093,-0.03666,-0.4213,1.45882,NaN,NaN,NaN
914000,,NaN,NaN,1.36266,-0.92664,0.33434,0.54686,1.42347,NaN,NaN,NaN
916000,,NaN,NaN,1.32604,-1.08775,0.70508,1.19534,1.36816,NaN,NaN,NaN
918000,,NaN,NaN,1.27233,-1.13469,1.07578,1.27154,1.28929,NaN,NaN,NaN
920000,,NaN,NaN,1.20764,-1.05008,1.4451,0.77037,1.19585,NaN,NaN,NaN
922000,,NaN,NaN,1.12912,-0.83566,1.81239,-0.07627,1.08417,NaN,NaN,NaN
924000,,NaN,NaN,1.03921,-0.51055,-1.67606,-0.9181,0.95997,NaN,NaN,NaN
926000,,NaN,NaN,0.93912,-0.10663,-1.31384,-1.43277,0.82604,NaN,NaN,NaN
928000,,NaN,NaN,0.82683,0.33148,-0.95505,-1.43907,0.68133,NaN,NaN,NaN
930000,,NaN,NaN,0.71047,0.7551,-0.60013,-0.93952,0.53675,NaN,NaN,NaN
932000,,NaN,NaN,0.58638,1.11208,-0.2494,-0.09405,0.38837,NaN,NaN,NaN
934000,,NaN,NaN,0.45456,1.35722,0.098,0.83094,0.2389,NaN,NaN,NaN
936000,,NaN,NaN,0.31338,1.45747,0.44127,1.54526,0.08757,NaN,NaN,NaN
938000,,NaN,NaN,0.16488,1.39778,0.78222,1.84366,-0.06287,NaN,NaN,NaN
940000,,NaN,NaN,0.01475,1.18163,1.12015,1.67041,-0.20476,NaN,NaN,NaN
942000,,NaN,NaN,-0.14352,0.83102,1.4558,1.11621,-0.34387,NaN,NaN,NaN
944000,,NaN,NaN,-0.30341,0.37842,1.78931,0.37462,-0.47363,NaN,NaN,NaN
946000,,NaN,NaN,-0.46656,-0.13097,-1.73549,-0.34483,-0.59395,NaN,NaN,NaN
948000,,NaN,NaN,-0.62727,-0.64674,-1.41033,-0.89014,-0.70163,NaN,NaN,NaN
950000,,NaN,NaN,-0.78187,-1.10977,-1.09263,-1.19237,-0.79431,NaN,NaN,NaN
952000,,NaN,NaN,-0.93159,-1.46617,-0.7869,-1.2605,-0.87419,NaN,NaN,NaN
954000,,NaN,NaN,-1.06707,-1.67363,-0.49898,-1.16014,-0.93806,NaN,NaN,NaN
956000,,NaN,NaN,-1.1814,-1.71246,-0.2383,-0.96784,-0.98579,NaN,NaN,NaN
958000,,NaN,NaN,-1.26562,-1.58555,-0.00559,-0.7325,-1.01738,NaN,NaN,NaN
960000,,NaN,NaN,-1.30264,-1.31665,0.20169,-0.47085,-1.03036,NaN,NaN,NaN
962000,,NaN,NaN,-1.28515,-0.94287,0.39774,-0.17534,-1.02433,NaN,NaN,NaN
964000,,NaN,NaN,-1.21069,-0.50418,0.6093,0.16153,-0.9972,NaN,NaN,NaN
966000,,NaN,NaN,-1.09067,-0.04288,0.8463,0.50701,-0.94833,NaN,NaN,NaN
968000,,NaN,NaN,-0.94136,0.40044,1.11022,0.78428,-0.87903,NaN,NaN,NaN
970000,,NaN,NaN,-0.76804,0.79045,1.39637,0.8996,-0.78614,NaN,NaN,NaN
972000,,NaN,NaN,-0.57885,1.09528,1.69847,0.77999,-0.67016,NaN,NaN,NaN
974000,,NaN,NaN,-0.38153,1.29637,-1.83971,0.42542,-0.53236,NaN,NaN,NaN
976000,,NaN,NaN,-0.17403,1.38677,-1.51526,-0.06146,-0.36911,NaN,NaN,NaN
978000,,NaN,NaN,0.03753,1.37113,-1.18467,-0.50423,-0.18349,NaN,NaN,NaN
980000,,NaN,NaN,0.25479,1.26102,-0.84791,-0.71596,0.02716,NaN,NaN,NaN
982000,,NaN,NaN,0.47124,1.06862,-0.50721,-0.56382,0.25798,NaN,NaN,NaN
984000,,NaN,NaN,0.6824,0.80552,-0.16224,-0.03859,0.50325,NaN,NaN,NaN
986000,,NaN,NaN,0.8907,0.48389,0.18581,0.71134,0.76353,NaN,NaN,NaN
988000,,NaN,NaN,1.08925,0.1217,0.53767,1.40884,1.0291,NaN,NaN,NaN
990000,,NaN,NaN,1.28291,-0.25904,0.89373,1.72974,1.30522,NaN,NaN,NaN
992000,,NaN,NaN,1.46559,-0.63225,1.25291,1.4357,1.58082,NaN,NaN,NaN
994000,,NaN,NaN,1.63891,-0.97126,1.61543,0.51793,1.85584,NaN,NaN,NaN
996000,,NaN,NaN,1.8045,-1.25117,0.05332,-0.77194,2.13052,NaN,NaN,NaN
998000,,NaN,NaN,1.9587,-1.45052,-1.50643,-2.01771,2.39778,NaN,NaN,NaN
1000000,,NaN,NaN,2.10272,-1.5473,-1.13755,-2.7949,2.65608,NaN,NaN,NaN
1002000,,NaN,NaN,2.23047,-1.5247,-0.76811,-2.81641,2.89377,NaN,NaN,NaN
1004000,,NaN,NaN,2.34358,-1.37403,-0.39828,-2.02187,3.10955,NaN,NaN,NaN
1006000,,NaN,NaN,2.44244,-1.09934,-0.02938,-0.60789,3.30279,NaN,NaN,NaN
1008000,,NaN,NaN,2.52015,-0.72091,0.33856,0.99768,3.45741,NaN,NaN,NaN
1010000,,NaN,NaN,2.582,-0.27121,0.70485,2.2484,3.58295,NaN,NaN,NaN
1012000,,NaN,NaN,2.61495,0.08809,0.9779,2.70477,3.65061,NaN,NaN,NaN
