anomaly,year_bin,co2_ppm,co2_radiative_forcing,eccentricity,obliquity,perihelion,insolation,global_insolation,be_ppm
-3.8387182119488727,-1300000,233.211,0.12089926908104923,0.048928536307692304,0.40911510353846153,3.5459344633076926,498.66326141923076,342.3677119461538,3.4599999999999995
-4.921384878615541,-1250000,233.211,0.12089926908104923,0.048928536307692304,0.40911510353846153,3.5459344633076926,498.66326141923076,342.3677119461538,3.34375
-5.964102827333489,-1200000,233.211,0.12089926908104923,0.048928536307692304,0.40911510353846153,3.5459344633076926,498.66326141923076,342.3677119461538,3.274
-3.7115753548060155,-1150000,233.211,0.12089926908104923,0.048928536307692304,0.40911510353846153,3.5459344633076926,498.66326141923076,342.3677119461538,3.181
-4.517607100837761,-1100000,233.211,0.12089926908104923,0.048928536307692304,0.40911510353846153,3.5459344633076926,498.66326141923076,342.3677119461538,3.088
-4.977051545282207,-1050000,233.211,0.12089926908104923,0.048928536307692304,0.40911510353846153,3.5459344633076926,498.66326141923076,342.3677119461538,2.995
-5.012402422475188,-1000000,233.211,0.12089926908104923,0.048928536307692304,0.40911510353846153,3.5459344633076926,498.66326141923076,342.3677119461538,2.958
-3.2995515452822075,-950000,233.211,0.12089926908104923,0.04672681446938776,0.4060214539591837,2.899637598285714,486.47672086326526,342.3419629632653,3.775
-3.5117182119488732,-900000,233.211,0.12089926908104923,0.0215104425882353,0.40728007380392156,3.2388116220588232,490.1098113803923,342.0443643215687,3.6
-4.350718211948873,-850000,233.211,0.12089926908104923,0.030664390204081644,0.4084196250816327,3.1515604746734693,492.35647314897966,342.1214371571427,3.425
-3.804968211948873,-800000,233.211,0.12089926908104923,0.016246440529411765,0.4083470339215686,3.1714449684705874,491.51586687058824,341.99694650392166,3.25
-3.2231626563933173,-750000,213.46795180722893,-0.35234520158673244,0.013872517061224492,0.4069987710612245,3.223858085632653,491.86761085918374,341.9871473346939,3.1119999999999997
-4.09024794502237,-700000,223.6380392156863,-0.10334477528233908,0.03300297337037037,0.405759182148148,3.0108409837777774,483.46655251481474,342.1391845407407,2.1199999999999997
-3.3893587775277023,-698000,238.0233333333333,0.23017347333046748,0.038500655,0.416995082,3.191386675,503.7071041,342.2037184,2.1439999999999992
-3.3532417845974374,-696000,240.25,0.27998914109339174,0.03874056566666667,0.41542779,3.7699033776666666,522.4174446666667,342.20689526666666,2.1679999999999997
-3.3790271927448594,-694000,238.304,0.23647824206979923,0.038883308,0.413370892,4.349824501,534.5176407,342.2087926,2.1919999999999997
-3.653090269445922,-692000,239.84,0.2708512688891803,0.038959836,0.4108466533333333,4.932868045333334,532.0557061666667,342.2098134666667,2.216
-3.742217600904602,-690000,239.98999999999995,0.2741962036625011,0.038959613,0.408159562,5.515410258,518.7268128,342.2098105,2.24
-4.190655577700886,-688000,233.452,0.12642509870381458,0.03882417133333333,0.40549869666666666,4.006431972333333,495.51223396666666,342.20800583333335,2.214
-4.345368503705091,-686000,225.538,-0.05808478840993518,0.038583015,0.403038115,0.40348897,471.3130303,342.2048063,2.1879999999999997
-4.726610250619591,-684000,221.42249999999999,-0.15661048487561563,0.038239593999999995,0.4010821596666667,0.9900991323333335,454.15268,342.20029096666667,2.162
-5.343241784597437,-682000,223.23499999999999,-0.11299521377095365,0.037804955,0.399611224,1.577848414,446.2601861,342.1946222,2.1359999999999997
-6.223337862270267,-680000,223.54,-0.10569064098381831,0.03716737966666667,0.3989188716666667,2.1647795113333332,452.8368584666667,342.1864426,2.1099999999999994
-5.337596623307114,-678000,232.145,0.09638852902180546,0.036420466,0.398812869,2.752726114,467.9093654,342.1770157,2.1099999999999994
-5.7826140832765525,-676000,218.7125,-0.2224933763628088,0.035590233666666665,0.3995164293333333,3.3374836413333333,488.3700022333333,342.166799,2.1099999999999994
-5.340655577700886,-674000,216.79333333333332,-0.269645939405504,0.034632343,0.400756533,3.921371219,507.1475289,342.1552519,2.1099999999999994
-6.325384641740295,-672000,202.89499999999998,-0.6241150843247576,0.033519829333333334,0.40262586666666667,4.5026458966666665,516.8741174666666,342.14230360000005,2.1099999999999994
-6.8619917845974365,-670000,195.9075,-0.8116111564520943,0.032327231,0.404813584,5.080834354,517.8209936,342.1288176,2.1099999999999994
-6.555702106702365,-668000,189.58499999999998,-0.9871186356017424,0.031015194666666666,0.407209101,5.653040905666667,508.3912388333333,342.1146440333334,2.1099999999999994
-7.16336914337305,-666000,177.36333333333334,-1.3436271926633554,0.029622806,0.409569981,6.219060781,495.2323177,342.1001312,2.1099999999999994
-8.648241784597435,-664000,178.49333333333334,-1.3096499153709662,0.028023227,0.41163945533333335,0.4967939713333333,483.0185168333333,342.08442023333333,2.1099999999999994
-8.170415697640914,-662000,190.4466666666667,-0.9628578964542395,0.026397906,0.413343707,1.051432934,475.0951017,342.0692061,2.1099999999999994
-7.251443410711297,-660000,192.004,-0.9192874173853018,0.024600306000000002,0.4143545963333333,1.5945155379999998,475.1353059333333,342.0536063,2.1099999999999994
-7.994782119849508,-658000,187.16333333333333,-1.055897148772802,0.022759489,0.414769474,2.1289393,480.1689457,342.0385985,2.1099999999999994
-8.468816811528592,-656000,189.285,-0.9955912005207956,0.020908715999999997,0.4142736153333333,2.6517765576666665,489.0176523666667,342.0248670666667,2.1099999999999994
-7.695954512914673,-654000,200.175,-0.6963220007272264,0.0190463,0.413126253,3.162160818,497.7856794,342.01204,2.1099999999999994
-7.81996592252847,-652000,193.845,-0.8682341569540936,0.017360674,0.41118137066666666,3.6474835613333334,503.2777799333333,342.0016210666666,2.1099999999999994
-8.469201727888727,-650000,187.03,-1.0597097948034961,0.01579638,0.408816321,4.112492637,505.4272828,341.9926706,2.1099999999999994
-7.90956107029172,-648000,192.9533333333333,-0.892900370357136,0.014600452,0.4061699443333333,4.547998094666666,503.4706688666667,341.9864855,2.1099999999999994
-7.743241784597437,-646000,192.665,-0.9009009423604177,0.013786815,0.403570307,4.961119385,499.6197507,341.9825029,2.1099999999999994
-7.573437371288558,-644000,192.855,-0.8956275449631362,0.013568968666666667,0.4013787246666667,5.353393452666666,494.4829213666667,341.9814844,2.1099999999999994
-7.436991784597436,-642000,195.31,-0.8279531017151782,0.013900094,0.399696234,5.747748067,488.9751826,341.9830393,2.1099999999999994
-8.194557574071121,-640000,191.47,-0.9341875245458999,0.014866414333333333,0.3989578243333333,4.067547394000001,482.8972051,341.9878364666667,2.1099999999999994
-8.372100154529525,-638000,189.515,-0.9890943676210312,0.016264414,0.399003505,0.318952691,476.4248485,341.9952372,2.1099999999999994
-8.2371412607608,-636000,195.33,-0.8274052827509479,0.018058621,0.40016621533333335,0.790883521,470.4738375,342.0058741666667,2.1099999999999994
-8.427593857176966,-634000,194.43,-0.8521128389798791,0.020043504,0.402050458,1.283406872,466.3401122,342.0187086,2.1099999999999994
-8.715384641740293,-632000,194.52499999999998,-0.8494994260652418,0.022197798,0.4046803036666667,1.803551462,467.46180400000003,342.0344125333333,2.1099999999999994
-8.670440091821426,-630000,198.48000000000002,-0.7418164992042884,0.024426393,0.407588445,2.334237338,473.924396,342.0520577,2.1099999999999994
-8.825709664396667,-628000,201.85666666666668,-0.6515644859060047,0.026690172,0.41048814766666664,2.8775128923333333,487.9255049333333,342.07200620000003,2.1099999999999994
-6.9832417845974355,-626000,210.735,-0.4212815180575317,0.028986637,0.41311626,3.425846148,505.5039709,342.0937481,2.1099999999999994
-4.796364631370647,-624000,231.765,0.08762389599086973,0.03116826933333333,0.41505916933333337,3.982340569666667,522.6159783666666,342.1163577,2.1099999999999994
-3.44129216760253,-622000,240.33666666666667,0.28191872717579014,0.033323671,0.416341168,4.541830417,534.4901879,342.1400204,2.1099999999999994
-2.7991241375386124,-620000,243.53,0.35253562456626963,0.03537376,0.4165534736666667,5.104743871666667,533.620307,342.16426070000006,2.1099999999999994
-2.8518309850056673,-618000,247.08999999999997,0.43017752369970025,0.037262549,0.415960863,5.6709084,522.2820627,342.1876459,2.1099999999999994
-2.6005947257739073,-616000,252.64,0.5490165803079675,0.039044887333333334,0.41430779500000003,4.1470696689999995,500.21843643333335,342.2110298,2.1099999999999994
-2.489987819776443,-614000,252.79333333333332,0.552262639894459,0.040652405,0.412021033,0.5325163,475.872814,342.2329071,2.1099999999999994
-3.068973327022819,-612000,256.19,0.6236694434099601,0.042052251000000006,0.4091261896666667,1.1110834486666665,457.3777225333333,342.25280219999996,2.1099999999999994
-3.529532107178082,-610000,258.5466666666667,0.6726585890464873,0.043282468,0.406031808,1.693174828,448.1941836,342.2707505,2.1099999999999994
-4.107741385061021,-608000,258.48,0.6712789052056412,0.044347256333333335,0.4030072253333334,2.280935213333333,454.7220001333333,342.2867748333333,2.1099999999999994
-4.667372949989567,-606000,254.58,0.5899418222599855,0.045305464,0.400268508,2.870650802,471.1290445,342.3014819,2.1099999999999994
-4.598598927454581,-604000,246.505,0.41749606839561754,0.045983443000000006,0.39820481433333327,3.463325732,494.1664045,342.3121103333333,2.1099999999999994
-4.318250446912918,-602000,239.14,0.25521386162291354,0.046570481,0.396782964,4.057073318,514.79552,342.3214165,2.1099999999999994
-4.2096057918406835,-600000,235.155,0.16531094595277332,0.04698153733333333,0.3964043773333333,4.651690082,522.9035123,342.32801666666666,2.1099999999999994
-4.178956070311723,-598000,227.675,-0.007631536927987442,0.04723064,0.396812422,5.245581284,518.5630217,342.3320389,2.1099999999999994
-5.432527498883148,-596000,217.645,-0.2486697862715968,0.047320045,0.3982682546666667,5.836881190333333,499.7611682333333,342.3334891,2.1099999999999994
-4.86031814880781,-594000,223.52666666666664,-0.10600975819238302,0.047222302,0.400371017,0.143806143,476.368908,342.3319038,2.1099999999999994
-3.890059966415619,-592000,236.42999999999998,0.1942400536238642,0.047008091333333335,0.40315413299999997,0.7301951926666667,456.9247602333333,342.3284443,2.1099999999999994
-5.213945832203366,-590000,230.8166666666667,0.06568791881404341,0.046642779,0.406241773,1.313749733,446.399133,342.3225725,2.1099999999999994
-4.158897322614988,-588000,247.28666666666663,0.43443406246097566,0.046135912333333334,0.4094919143333333,1.8939554563333332,452.1975897,342.3145155,2.1199999999999997
-5.375186229041881,-586000,236.38,0.19310852086864724,0.045502101,0.412667337,2.471263382,469.1809394,342.3045443,2.13
-6.062717977860393,-584000,223.96,-0.09564817993455296,0.04479469766666666,0.41546404100000006,3.0443884236666663,495.82794336666666,342.29360849999995,2.203
-5.88534704775533,-582000,208.66,-0.4742213031432036,0.044036792,0.417803049,3.615148181,523.091408,342.2820444,2.276
-5.078648136962123,-580000,220.042,-0.19007047576615538,0.043079388999999996,0.4192662166666666,4.181695501,541.4719788666666,342.2677671666666,2.3489999999999998
-3.2401930041096323,-578000,245.702,0.40003977943021113,0.042101163,0.419973902,4.747382164,548.5575867,342.253458,2.412
-2.7701960239136896,-576000,250.695,0.5076691604218824,0.04101664033333333,0.4195236133333333,5.3098240599999995,538.6044921666667,342.2380419333333,2.4749999999999996
-3.0682417845974372,-574000,251.595,0.5268413723030712,0.039849837,0.418223751,5.872148703,519.3245478,342.2218337,2.4749999999999996
-2.903472776050444,-572000,249.84,0.4893916995090462,0.03859068266666666,0.41579141799999997,2.246494024,494.91070153333334,342.204954,2.4749999999999996
-2.969069267013034,-570000,249.92199999999997,0.4911473352073851,0.037267834,0.412650124,0.715894825,472.8480404,342.1877134,2.4749999999999996
-3.177501043856696,-568000,250.92,0.5124686583664438,0.03592465933333334,0.40876329600000005,1.2814638443333333,460.0304108333333,342.17092843333336,2.4749999999999996
-3.3965526605852,-566000,253.54999999999998,0.568252461083242,0.034492189,0.404583135,1.847566662,455.8587146,342.1535925,2.4749999999999996
-4.409884160665834,-564000,252.63333333333333,0.5488754025955657,0.03302266833333333,0.40042790766666664,2.4181688749999997,462.5112618666667,342.1366673333334,2.4749999999999996
-4.772589610684394,-562000,244.29999999999995,0.3694247188045076,0.031523512,0.396626658,2.990422883,474.0737335,342.12003,2.4749999999999996
-5.400407989055308,-560000,232.1,0.09535136114383505,0.029921150999999997,0.393783772,3.561571337,486.5799755666667,342.10324476666665,2.4749999999999996
-5.7474084512641035,-558000,231.175,0.07398713222454974,0.028318196,0.39191199,4.133661298,495.9169211,342.0871908,2.4749999999999996
-3.8451648615205136,-556000,244.3857142857143,0.37130147279943293,0.026621952666666667,0.3916633133333333,4.702937012666666,497.7559057666667,342.0713196,2.4749999999999996
-3.947871414227066,-554000,231.475,0.08092542348123478,0.024918054,0.392652055,5.26946555,494.3267705,342.0562095,2.4749999999999996
-5.333056599412251,-552000,222.92,-0.12054976445411286,0.023166303,0.39528490899999996,5.824859021333334,486.78525486666666,342.04188189999996,2.4749999999999996
-5.596414772910733,-550000,218.9333333333333,-0.21709422324117664,0.021392341,0.398909904,0.088431751,479.3984225,342.0282705,2.4749999999999996
-6.1468132131688655,-548000,208.29999999999998,-0.4834596016782029,0.019645186,0.40348636666666665,0.6208730813333333,475.7407035333334,342.0160945333334,2.4749999999999996
-6.774066817791655,-546000,207.14999999999998,-0.5130781633060107,0.017946665,0.408358108,1.137234798,476.0854816,342.0050814,2.4749999999999996
-7.139294416176383,-544000,209.95,-0.4412477867596762,0.016319303,0.41306030433333335,1.6296847006666668,481.55325050000005,341.99561216666666,2.4749999999999996
-7.343375355996253,-542000,205.85,-0.5467586619511201,0.014847421,0.417248475,2.097741873,489.2653914,341.987697,2.4749999999999996
-7.077765594121246,-540000,208.1,-0.48859889121845823,0.013632727666666669,0.42028988733333333,2.5370818096666667,497.76681793333336,341.9818146333333,2.4749999999999996
-7.236252371871913,-538000,209.65,-0.4488979310565297,0.012715149,0.422293723,2.951562256,505.3409577,341.9776457,2.4749999999999996
-7.233996602200658,-536000,202.2,-0.6424725246691732,0.012229973333333333,0.4226907213333333,3.3372299076666665,510.60242709999994,341.9755776,2.4749999999999996
-7.736975325604911,-534000,194.70000000000002,-0.8446885836831339,0.012125795,0.421917922,3.715492451,514.0544358,341.9751421,2.4749999999999996
-6.572241784597436,-532000,202.725,-0.6285995774624358,0.012655804,0.41962877299999995,4.1098577553333335,515.2262927,341.97740086666664,2.4749999999999996
-5.305273197945339,-530000,218.5,-0.227693937140558,0.01349112,0.416433354,4.522310575,514.5121907,341.9811235,2.4749999999999996
-5.243895026324397,-528000,221.95,-0.1438802125580214,0.014743326666666667,0.41235993233333335,4.968136850333333,510.5114862666667,341.9872205666666,2.4749999999999996
-4.910255396807478,-526000,226.25,-0.04122199810306816,0.016169659,0.408002715,5.440130379,503.5175575,341.9947115,2.4749999999999996
-5.177065314009202,-524000,233.26666666666665,0.12217614336404914,0.017763758666666667,0.403759623,5.947165255000001,492.22988000000004,342.0040391333334,2.4749999999999996
-4.298902314511999,-522000,239.35000000000002,0.25990988482981403,0.019484784,0.399939897,0.190741837,478.8332709,342.0149303,2.4749999999999996
-4.480541111093191,-520000,243.5,0.3518765275898895,0.021167033666666668,0.39709637166666667,0.7367089076666667,465.8570699,342.0267209333333,2.4749999999999996
-4.468241784597437,-518000,246.16666666666666,0.41014803626652974,0.022876045,0.395145368,1.295964061,456.144114,342.0395086,2.4749999999999996
-4.746541111093192,-516000,246.29999999999998,0.4130450175204751,0.024559036333333336,0.3945712076666667,1.867122545,454.78647163333335,342.0532463,2.4749999999999996
-5.236662837229014,-514000,242.25,0.3243417267179264,0.026187585,0.394985315,2.444291163,460.8318531,342.0673132,2.4749999999999996
-5.4834591759017846,-512000,239.79999999999998,0.2699589329685052,0.02766640766666667,0.3966459633333333,3.027554617333333,475.87203193333335,342.0810068,2.4749999999999996
-5.184209368158107,-510000,235.8,0.17996522144623928,0.029028413,0.399019426,3.612349585,494.0982897,342.094163,2.4749999999999996
-5.351575117930769,-508000,236.85000000000002,0.2037354922219623,0.030313288666666664,0.402053865,4.201068097333334,510.09373693333333,342.1072531,2.4749999999999996
-4.804780246135899,-506000,237.0666666666667,0.20862735118772333,0.031453559,0.405295581,4.788406632,519.6169429,342.1192757,2.4749999999999996
-4.755741784597438,-504000,234.7,0.15494923537857344,0.032367893,0.4084752213333333,5.377416020666666,516.7090649333333,342.1292905,2.4749999999999996
-4.643349165525898,-502000,232.76666666666665,0.1106962734274993,0.033169586,0.411399362,5.965795418,505.7461116,342.1382657,2.4749999999999996
-4.705741784597437,-500000,230.0666666666667,0.04827568777123741,0.03379499766666667,0.413744624,2.365622002,489.338912,342.14544700000005,2.4749999999999996
-4.600241784597438,-498000,230.7,0.06298306880517948,0.034277427,0.415551559,0.859795697,474.5038836,342.1510629,2.4749999999999996
-4.842241784597438,-496000,235.23333333333335,0.16709280705565224,0.034558547333333335,0.41648565800000004,1.447958882,468.3624354333333,342.15437913333335,2.4749999999999996
-5.036991784597436,-494000,238.13333333333333,0.23264534887760305,0.034668641,0.416742254,2.038567638,470.938976,342.1556828,2.4749999999999996
-4.936210691278079,-492000,239.39999999999998,0.2610273783064603,0.03464212,0.4160434373333333,2.627797810666667,484.2932083,342.15536863333335,2.4749999999999996
-4.266067871553958,-490000,244.5666666666667,0.37526134832108,0.03446325,0.414704242,3.21882671,501.8441265,342.1532507,2.4749999999999996
-3.7062417845974376,-488000,245.51999999999998,0.39607538026016337,0.034069044,0.4126000723333334,3.8135228373333327,517.4357816333332,342.14862939999995,2.4749999999999996
-4.180137566245578,-486000,233.76666666666668,0.133631432873682,0.033548294,0.410074941,4.409893258,526.0742576,342.1425929,2.4749999999999996
-3.9958279914939903,-484000,232.1,0.09535136114383505,0.03289104633333333,0.40719097100000007,5.010045938333334,521.0733416666667,342.1351313333333,2.4749999999999996
-4.561098927454582,-482000,230.03333333333333,0.04750049397142987,0.032125821,0.404242619,5.611792275,506.9678382,342.1265946,2.4749999999999996
-5.201057160515883,-480000,223.60000000000002,-0.10425484905320694,0.03120158666666667,0.401510515,4.125145795666667,486.18549579999996,342.1165985,2.4749999999999996
-5.1812047475604,-478000,226.85000000000002,-0.02705293221790241,0.03021644,0.399170059,0.546223698,466.5146743,342.1062128,2.4749999999999996
-4.966389932745587,-476000,237.85,0.22627607749259568,0.029094853,0.39768862333333327,1.1573385226666666,455.4158195666667,342.09486076666667,2.4749999999999996
-5.70285716921282,-474000,235.69999999999996,0.17769586828389744,0.02787651,0.397003868,1.772293376,453.2280032,342.0829421,2.4749999999999996
-4.679780246135899,-472000,244.4,0.37161420113504723,0.026616667,0.39757222600000003,2.387249362,462.8264363,342.0712392666667,2.4749999999999996
-6.51498620148216,-470000,224.02499999999998,-0.09409567258524358,0.025312583,0.399045672,3.004089646,478.0354887,342.0596009,2.4749999999999996
-7.732527498883149,-468000,206.0,-0.5428616118819991,0.023926160333333335,0.40163634766666667,3.6179395986666663,494.57968809999994,342.04797226666665,2.4749999999999996
-7.659150875506526,-466000,203.9,-0.5976803398510669,0.022478068,0.404833406,4.231242931,507.6094101,342.0364202,2.4749999999999996
-6.691656176668744,-464000,207.76666666666665,-0.4971753598714389,0.021048536999999996,0.408496369,4.844024718333333,512.2564955666667,342.02584026666665,2.4749999999999996
-7.937289403645053,-462000,197.15,-0.7777871121748046,0.019610276,0.412175176,5.455461311,510.7545131,342.0157696,2.4749999999999996
-8.495514511870166,-460000,193.1,-0.8888353014318501,0.018108825333333335,0.415406742,3.9732721546666663,503.88328426666664,342.00614296666663,2.4749999999999996
-7.881312732094404,-458000,205.35000000000002,-0.5597693687525208,0.016674097,0.41799912,0.39692032,496.4565922,341.9975453,2.4749999999999996
-7.509546132423522,-456000,199.8,-0.7063538806589335,0.015238298333333332,0.41933501,1.0158936593333332,491.93257396666667,341.98976480000005,2.4749999999999996
-8.628251921349595,-454000,193.3,-0.883296998659832,0.01387234,0.419593598,1.637410509,490.8482712,341.9829075,2.4749999999999996
-8.018241784597436,-452000,200.15,-0.6969902078098408,0.012519752333333333,0.4182694106666667,2.2717041840000003,493.87507350000004,341.97684853333334,2.4749999999999996
-7.980146546502198,-450000,203.05,-0.6200295552984166,0.011225106,0.415869028,2.920465372,498.0447975,341.9715454,2.4749999999999996
-7.673241784597435,-448000,204.89999999999998,-0.5715061193462897,0.010078051666666666,0.41221173066666666,3.5880209116666664,500.40185493333337,341.96740173333336,2.4749999999999996
-7.946715539144909,-446000,202.3,-0.639827283576964,0.0090006,0.407926136,4.27812078,499.5476145,341.9638517,2.4749999999999996
-8.81235943165626,-444000,199.1,-0.7251305356809523,0.008126053999999999,0.4032814946666667,5.003097191333333,493.4885688333334,341.9613088666667,2.4749999999999996
-8.987650161183844,-442000,202.0,-0.6477669338098128,0.007413317,0.398804608,5.757136029,484.6831092,341.9593967,2.3979999999999997
-9.70941825518567,-440000,201.3,-0.6663387352515179,0.006996009333333334,0.395180989,2.3525523993333333,475.38906346666664,341.9583715333333,2.3209999999999997
-9.605741784597438,-438000,201.0,-0.674317856790203,0.006779631,0.392567577,1.051625138,468.4013221,341.9578589,2.2439999999999998
-9.076321669350708,-436000,207.5,-0.5040464476677297,0.006936182333333332,0.39174939700000005,1.8591339556666668,467.0878763,341.9582272999999,2.167
-9.188241784597437,-434000,209.8,-0.4450714915085047,0.007277083,0.392336227,2.643094176,470.4093648,341.9590545,2.09
-9.087289411286191,-432000,209.55,-0.451450412020977,0.007834844333333334,0.39479223700000005,3.3999977589999997,478.4109468666666,341.96050640000004,2.09
-8.486991784597436,-430000,223.45,-0.10784505162614458,0.008510989,0.398366507,4.133239509,487.4656022,341.9623856,2.09
-7.0969033096609895,-428000,242.5,0.32986003561356975,0.009294797666666667,0.40301163700000003,4.835090812,494.53406893333334,341.9647902333333,2.09
-5.02491903853858,-426000,251.86666666666665,0.5326150663257013,0.010138968,0.408012419,5.516726986,498.5250688,341.9675774,2.09
-3.1782417845974367,-424000,268.625,0.8772433841440505,0.010950811,0.41290565166666665,4.078914573333333,498.1985478,341.97052633333334,2.09
-3.609067834135221,-422000,269.15,0.8876892058810113,0.01177147,0.417315554,0.539226627,496.0932002,341.973694,2.09
-3.4317033230589757,-420000,267.5,0.8547905649916696,0.012552995999999999,0.42058238200000003,1.1665197333333335,494.5780006,341.97696203333334,2.09
-2.388037867780888,-418000,272.90000000000003,0.9617149233652093,0.013294687,0.422791779,1.790061512,495.2326918,341.9802236,2.09
-2.0328876132844833,-416000,273.2666666666667,0.9688983238951245,0.013944250666666666,0.423352813,2.407769045666667,499.85881153333327,341.983262,2.09
-2.259758740683136,-414000,273.23333333333335,0.9682456858949247,0.014536698,0.422725534,3.022627369,506.5127781,341.9861354,2.09
-1.9995074510950053,-412000,269.9,0.9025765172219217,0.015057107333333333,0.42056762833333333,3.6346859486666663,512.8718367666667,341.9887750666667,2.09
-1.3529758094325652,-410000,283.5,1.165585744041508,0.015479813,0.41748146,4.244445804,516.3090579,341.9909772,2.09
-0.6248617085139183,-408000,278.65,1.0732682350769087,0.015786118000000002,0.413422769,4.862185381333333,512.9001243333333,341.9926168,2.09
-0.7572833658234187,-406000,285.05,1.1947565136988536,0.016006866,0.40894848,5.478708349,504.079564,341.9938156,2.09
-1.1018426548475908,-404000,280.05,1.1000805339024926,0.016055469,0.40434185633333336,4.004573004,490.21061320000007,341.99408216666666,2.118
-1.4885735532237827,-402000,276.5,1.0318287772425259,0.016002506,0.399969703,0.441685008,475.8472053,341.9937917,2.008
-2.0699925928462894,-400000,279.4,1.0876486755960502,0.015783128666666667,0.3963526606666667,1.0720110473333333,465.57802783333335,341.99260123333335,1.8979999999999997
-2.563612405296415,-398000,280.15,1.1019905660541613,0.015497954,0.393518708,1.707892201,460.5786321,341.9910733,1.7879999999999996
-3.0282235272661566,-396000,276.3,1.0279575759158766,0.014990002666666669,0.3920018233333334,2.3470220393333334,463.5564970333333,341.9884308333333,1.6779999999999995
-3.4499601957282087,-394000,264.59999999999997,0.7964738815863175,0.014383292,0.391512753,2.990042311,470.7060706,341.9853766,1.5399999999999994
-4.216233741555251,-392000,264.59999999999997,0.7964738815863175,0.013702283,0.392475844,3.637009501333333,479.7738794333333,341.98212336666666,1.5399999999999994
-4.492290845775539,-390000,258.1,0.6634079060701817,0.012892965,0.394422383,4.283152552,487.3151356,341.9784245,1.5399999999999994
-5.025168315038869,-388000,245.8,0.40217323974959174,0.011921874999999998,0.39756231599999997,4.935690116333333,490.51719733333334,341.97433270000005,1.5399999999999994
-4.432811104628253,-386000,246.8,0.4238947474608372,0.010824541,0.401358562,5.589173951,490.7345094,341.970035,1.5399999999999994
-3.596164166756413,-384000,239.1,0.25431891347763413,0.009666163333333333,0.4057157576666666,4.16223242,489.34380803333335,341.96602226666664,1.5399999999999994
-4.5291240638205865,-382000,240.0,0.27441912497339505,0.008424946,0.41019294,0.649492617,489.0434247,341.9621364,1.5399999999999994
-4.241273689913724,-380000,227.0,-0.023516521380753882,0.007127748333333334,0.4144445456666666,1.3658505796666667,492.280344,341.9587328,1.8059999999999996
-5.051558648836045,-378000,227.1,-0.021160212159665088,0.005903715,0.418268317,2.12693413,498.1902771,341.9559593,2.0719999999999996
-5.798710265239843,-376000,227.1,-0.021160212159665088,0.004876832333333333,0.4211670033333333,2.9765206133333333,505.627085,341.9540875333334,2.2759999999999994
-7.201286093829783,-374000,214.7,-0.3215559937729241,0.004219429,0.4231954,3.928677882,511.8416356,341.953044,2.4799999999999995
-6.014018370217508,-372000,199.9,-0.7036768728472622,0.00434809,0.42377102533333333,4.937966628000001,513.4054499666667,341.95323813333334,2.6839999999999993
-5.8495144535696095,-370000,201.9,-0.6504161044507217,0.005100121,0.423198617,5.891109449,510.7845579,341.9544474,2.6219999999999994
-7.3729582379034335,-368000,206.3,-0.5350760174932047,0.006313610666666666,0.4209959283333333,0.4400065803333333,503.56656830000003,341.9568749666667,2.5599999999999996
-7.492391571389921,-366000,206.3,-0.5350760174932047,0.00776641,0.41771197,1.207200163,495.3242028,341.9603132,2.5599999999999996
-7.557445949905958,-364000,201.2,-0.6689971203993832,0.00944771,0.4132068903333333,1.9044142506666664,489.0543712666667,341.96534536666667,2.5599999999999996
-7.442658780550671,-362000,185.8,-1.0950101937746584,0.011160405,0.408130071,2.581918126,485.9108109,341.9712977,2.5599999999999996
-7.9547026748615375,-360000,185.8,-1.0950101937746584,0.012940202999999999,0.4027853956666667,3.239054954666667,486.9874508,341.9787228,2.5599999999999996
-8.400868066822484,-358000,189.55,-0.9881064104077185,0.014723347,0.397680689,3.8878281,489.4510537,341.9870695,2.5599999999999996
-8.755028317134446,-356000,209.2,-0.4603936976856504,0.016465899333333332,0.3935373903333333,4.527951911,490.0747864333334,341.9964500666667,2.5599999999999996
-8.766529340686237,-354000,209.2,-0.4603936976856504,0.018161341,0.390498775,5.163997136,487.1337922,342.0064074,2.5599999999999996
-7.809744438960712,-352000,212.8,-0.3691118624551902,0.019818331666666664,0.38944138266666667,5.800087605333334,478.66993733333334,342.0172437666667,2.6479999999999997
-7.471165361995678,-350000,221.1,-0.16440839483706507,0.021445354,0.389964335,0.145816411,468.0525977,342.0286591,2.7359999999999998
-7.288996798394731,-348000,220.3,-0.18380125703186645,0.02292657166666667,0.392613768,0.770238414,459.36957266666667,342.0399698333333,2.8239999999999994
-7.837837327530328,-346000,211.9,-0.39178672568900214,0.024359121,0.396545184,1.388308805,455.8633158,342.0514961,2.9159999999999995
-8.478319659479672,-344000,205.0,-0.5688957265157741,0.025736809,0.401706112,1.9966215273333334,462.6975104,342.0633564666667,3.007999999999999
-8.755032616850656,-342000,200.7,-0.6823088963639939,0.02703886,0.407257301,2.598479289,477.1091071,342.0750684,3.011999999999999
-7.497132541003174,-340000,250.1,0.49495636777085894,0.028210506666666666,0.412639306,3.1900115616666667,498.33135769999996,342.0861903,3.015999999999999
-5.0820622161736235,-338000,238.5666666666667,0.24237194410270804,0.029269746,0.417421529,3.776265068,519.8494625,342.0965715,3.0199999999999987
-3.0524903085843516,-336000,263.1,0.7660587911411644,0.030328605999999998,0.420818564,4.354592140333334,534.5005142000001,342.1074006666667,3.0199999999999987
0.4677725077507175,-334000,285.275,1.1989777912597188,0.031251211,0.422936946,4.929383445,540.0149193,342.1171031,3.0199999999999987
-0.6476588034318457,-332000,283.25,1.1608658496021607,0.03209270866666667,0.42307993800000004,5.501176303333334,531.2597933666666,342.1262481666667,3.0199999999999987
-1.387184412871843,-330000,269.7666666666667,0.8999329100032163,0.03286833,0.421810757,6.072520926,514.2277318,342.1348587,3.0199999999999987
-1.832232606255934,-328000,273.5,0.9734645620556334,0.03355442166666667,0.41879432633333336,0.36074174433333334,492.27143329999996,342.1426745333333,3.0199999999999987
-2.7063517976685585,-326000,266.73333333333335,0.8394352165831259,0.034212274,0.414812479,0.933031537,472.2367032,342.1502986,3.0199999999999987
-3.2216824529681722,-324000,262.3333333333333,0.7504462697524615,0.03471980066666667,0.4100285563333333,1.510279092,461.1487812666667,342.1562989666666,2.870666666666666
-3.5892459484530894,-322000,258.79999999999995,0.6778981451468291,0.035202484,0.40511094,2.091007476,458.9106981,342.1620719,2.600666666666666
-4.450978628579306,-320000,249.2,0.4756693450798858,0.03559990166666666,0.4006367256666667,2.673926649666667,468.2649280333333,342.1668962666667,2.3306666666666658
-5.247089780749853,-318000,244.60000000000002,0.3759904794976775,0.035905483,0.396898898,3.260131329,482.9940142,342.170635,2.0606666666666658
-4.392514457932236,-316000,256.4666666666667,0.6294439389216975,0.036163952666666666,0.3946372676666667,3.8496135789999997,498.3685255333333,342.1738274,1.790666666666666
-3.2056090267588324,-314000,251.95000000000002,0.5343848900210897,0.036317651,0.393627061,4.440266351,509.0032401,342.1757345,1.6699999999999993
-4.0648457956352715,-312000,250.0666666666667,0.49424327213501545,0.03641906633333333,0.39439002666666667,5.028059013,508.60169883333333,342.17699826666666,1.6699999999999993
-4.5729018061932,-310000,238.4,0.23863303836663308,0.036418059,0.396289392,5.614670028,500.0548421,342.1769857,1.6699999999999993
-5.491473159522496,-308000,229.0666666666667,0.024970873804099545,0.036339669666666664,0.3994049296666667,4.103395340333333,484.7088944,342.1760094666667,1.6699999999999993
-5.4577765050886855,-306000,235.3,0.16860881726698754,0.036233435,0.403062438,0.493446474,469.4144666,342.1746878,1.6699999999999993
-5.723294967443841,-304000,246.5,0.417387550226427,0.035949647,0.4069878373333333,1.066632049,460.84338333333335,342.1711805666667,1.6699999999999993
-4.689779912578484,-302000,238.1,0.23189641628031318,0.035619831,0.410771859,1.635897056,460.1788237,342.167135,1.6699999999999993
-5.677879024135185,-300000,237.55,0.21952386792991907,0.03515997466666667,0.4139589533333334,2.199072591666667,471.1085511666667,342.16156689999997,1.6699999999999993
-5.671689678491858,-298000,227.7,-0.0070441089833958945,0.03464468,0.416498239,2.759978417,488.3688912,342.1553983,1.6699999999999993
-6.5690758205421425,-296000,217.1,-0.26208340357554105,0.03393605633333333,0.41793996033333336,3.3159543303333336,508.6101823000001,342.1470881333333,1.6699999999999993
-5.870771841269011,-294000,212.89999999999998,-0.36659835524428824,0.033150376,0.418537382,3.869874865,525.993942,342.1380475,1.6699999999999993
-5.259759119281286,-292000,206.35,-0.5337795192437971,0.03226852,0.41797625433333335,4.422447330333334,533.6421478333333,342.1281943666667,1.7269999999999992
-4.590128927149057,-290000,212.35,-0.3804372812441093,0.031280075,0.416649761,4.972008776,532.1650838,342.1174122,1.7839999999999994
-2.9662849272020053,-288000,227.65,-0.008219029379025659,0.030199591666666664,0.41439634366666667,5.520441546666667,519.4432621666666,342.10607536666674,1.8409999999999993
-2.2910727283095444,-286000,230.9333333333333,0.06839140199736074,0.029042775,0.411607036,6.06575942,501.9017402,342.0943058,1.8979999999999992
-2.2394365110343473,-284000,227.2,-0.01880494027482806,0.027847655,0.40828819266666666,0.3260919116666667,483.5081078333333,342.08271106666666,1.9549999999999994
-2.4484020428412223,-282000,231.3,0.07687918051379761,0.026657934,0.404775309,0.865377302,468.2992002,342.0715674,1.9549999999999994
-3.0941457011815316,-280000,219.5,-0.2032646709497985,0.025418596333333335,0.4013085236666667,1.3972487219999998,460.5871380333333,342.06055970000006,1.9549999999999994
-3.4118929862139646,-278000,207.75,-0.4976045444210249,0.024233987,0.398119303,1.924855467,458.7246636,342.0504555,1.9549999999999994
-3.4365520068269793,-276000,197.7,-0.7628827084616021,0.023148765666666668,0.3956643043333334,2.4392295493333336,463.5738052666666,342.0416878666667,1.9549999999999994
-5.161601680883836,-274000,196.25,-0.8022660567617875,0.022183992,0.39395146,2.945425613,471.444761,342.0341729,1.9549999999999994
-5.603939766635511,-272000,192.15,-0.9152208188981946,0.021386631333333333,0.3935027973333333,3.4398325510000003,480.8633361,342.0282413,1.9639999999999993
-5.818148239510839,-270000,191.75,-0.926369559582852,0.02079751,0.394064427,3.924245746,489.7320985,342.0239769,1.9729999999999994
-6.179491603258474,-268000,190.7,-0.9557460224621606,0.02060461766666667,0.396086462,4.402007596,496.5738348,342.02261120000003,1.9819999999999993
-5.858319417293714,-266000,200.2,-0.6956538770922652,0.020702947,0.399105627,4.873221919,501.3166389,342.0233055,1.9469999999999992
-4.7389504442628105,-264000,199.9,-0.7036768728472622,0.021161244666666666,0.40329044033333333,5.345921810666667,502.5885688,342.0266002,1.911999999999999
-4.134169592625928,-262000,228.1,0.0023459767970737387,0.021945771,0.408040726,5.820497523,501.2975891,342.0323742,1.867999999999999
-3.6784692408041186,-260000,209.73333333333335,-0.44677179344558743,0.023081695,0.4130572596666667,2.112890311,496.7897446,342.0411718333333,1.8239999999999987
-3.2949046529368786,-258000,206.75,-0.5234188285209244,0.024437149,0.417848273,0.505520508,490.9197502,342.0521476,1.7799999999999987
-2.791360788143421,-256000,202.95,-0.6226650233320072,0.026039662333333335,0.42175291966666667,1.0022186566666667,485.52481983333337,342.0660744333333,1.7799999999999987
-2.559270717765567,-254000,199.0,-0.7278183026302235,0.027734528,0.424662216,1.505412042,482.5894664,342.0815906,1.7799999999999987
-2.141729678159225,-252000,195.83333333333334,-0.8136369430826649,0.029627857999999997,0.425800562,2.017932290333333,485.41877743333333,342.1002796,1.7799999999999987
-3.664112697074784,-250000,207.05,-0.5156614564513247,0.031516493,0.425501099,2.536059921,493.2155248,342.1199543,1.6539999999999986
-4.46200637439526,-248000,214.7,-0.3215559937729241,0.03341422333333333,0.4231301506666667,3.065257164,506.36533016666664,342.141157,1.5279999999999982
-4.672215578814293,-246000,234.1,0.1412546886519696,0.035276504,0.419358505,3.601422511,520.3766883,342.1629655,1.6329999999999985
-2.714087147155824,-244000,234.1,0.1412546886519696,0.037099103333333334,0.41396691866666663,4.148269704333333,529.3484542666666,342.18565159999997,1.7379999999999982
-0.6810220319453992,-242000,265.40000000000003,0.8126248372486159,0.038893707,0.407790592,4.703615821,530.2959042,342.2089312,1.743999999999998
-1.610922037153861,-240000,267.3,0.8507890689188148,0.040500398,0.40123160166666666,5.269772967333333,516.7254515,342.2308719333334,1.8759999999999981
-2.0477098773925997,-238000,247.89999999999998,0.4476869839638666,0.042048672,0.394986902,5.844326485,493.9201606,342.2527008,2.005999999999998
-1.934208895965851,-236000,243.20000000000002,0.3452810880860057,0.04349175599999999,0.3900244183333334,2.2388623389999998,465.3068061666666,342.27391869999997,1.9049999999999983
-2.010963350324252,-234000,246.23333333333332,0.41159672297995764,0.044790104,0.386504971,0.732676849,439.4533159,342.293519,1.8039999999999985
-3.683223294439624,-232000,235.96666666666667,0.18374533889312317,0.045953793666666666,0.385500559,1.3258891863333333,426.3888281333334,342.31166416666673,1.8019999999999985
-3.4314998191348574,-230000,235.96666666666667,0.18374533889312317,0.046953983,0.386442086,1.919190645,426.638232,342.327569,1.7999999999999985
-3.469855118391058,-228000,224.5,-0.08276408148090501,0.047828003,0.38992706466666666,2.5095632793333333,445.5727429666667,342.3417964,1.7999999999999985
-3.6981581519703868,-226000,234.36666666666667,0.1473454819667237,0.048525195,0.394886751,3.095603633,474.4939665,342.3533063,1.7999999999999985
-4.3132904022712975,-224000,209.5,-0.4527271093185285,0.04905379166666667,0.401176209,3.676181648,507.7502160666666,342.3621627333334,1.7999999999999985
-3.3993709384686155,-222000,207.2,-0.5117869843447537,0.049488152,0.407812685,4.251181821,535.8763051,342.3695017,1.7506666666666653
-5.312784238809977,-220000,211.6,-0.399366419991086,0.04973552766666667,0.41411164833333336,4.816874405333333,547.6783298,342.3737156,1.701333333333332
-4.156903533232136,-218000,227.3,-0.016450704813296135,0.049888617,0.419659266,5.378616512,545.1714635,342.3763312,1.6519999999999988
-2.8414651172071745,-216000,249.36666666666665,0.4792462657185762,0.04993293733333334,0.42362094,5.934560848333334,526.3721929333334,342.37709053333333,1.6026666666666656
-1.5803135811220121,-214000,242.95000000000002,0.33977867065147194,0.049887705,0.426189125,0.205169735,501.8170304,342.3763156,1.5086666666666657
-0.9083290420506104,-212000,247.3,0.43472251881517465,0.049726446333333334,0.4266652716666666,0.7550643999999999,479.2586948,342.37355996666673,1.755999999999999
-2.1118886463788633,-210000,248.95,0.4702994761155678,0.049474706,0.425668238,1.305262117,463.9065729,342.3692733,2.003333333333332
-3.059373570970977,-208000,243.67999999999998,0.3558298920293977,0.04914475100000001,0.42283097966666666,1.8570038743333332,462.7175756,342.36369446666663,2.2506666666666653
-2.2956840488733716,-206000,233.21999999999997,0.12110573048694027,0.048776045,0.41894026,2.409884725,471.6708489,342.3574943,2.497999999999999
-2.812631158554712,-204000,232.68,0.10870392197144207,0.04827752866666667,0.41406055166666667,2.967185106,490.3154212333333,342.3491996,2.789999999999999
-2.952801691866082,-202000,247.6,0.4412086784296016,0.047750084,0.408860495,3.526544524,510.3731711,342.340503,2.6179999999999994
-2.9646478353796653,-200000,245.0,0.38473231150803067,0.04717995766666667,0.40377114966666666,4.090919994333333,523.7498332666665,342.33122903333333,2.4459999999999993
-1.9957930186962383,-198000,236.73333333333335,0.20109956044243907,0.046591977,0.399135859,4.658232835,527.314873,342.32176,2.2739999999999996
-1.884597988712827,-196000,236.73333333333335,0.20109956044243907,0.045897394333333334,0.39555852199999997,5.227036752,515.2842838666667,342.3107523666667,2.1019999999999994
-1.7820851410153322,-194000,223.25,-0.11263573920840324,0.045159156,0.392962794,5.798142233,494.6053454,342.299212,1.9299999999999997
-3.210186669172446,-192000,218.0,-0.23995052898463207,0.04442455633333333,0.3918952443333333,2.17972212,469.84027306666667,342.2879455,2.025
-3.753712317545412,-190000,225.85000000000002,-0.050688932667977075,0.043632398,0.391934787,0.655038426,448.4167609,342.2759653,2.12
-2.739740033360095,-188000,231.3,0.07687918051379761,0.04271694433333334,0.393410437,1.2220601933333333,438.5596641,342.26243573333335,2.1220000000000003
-4.630504144951626,-186000,210.7,-0.42217014857199153,0.041764998,0.395764474,1.786698748,439.4470621,342.248625,2.124
-3.4645513889549266,-184000,203.4,-0.6108156275688994,0.04078040966666666,0.399066321,2.347700369,454.48551786666667,342.23472653333334,2.1260000000000003
-4.745745567839917,-182000,198.89999999999998,-0.7305074205556519,0.039795239,0.402820641,2.903631996,476.6069062,342.2210885,1.9810000000000003
-4.21664950805991,-180000,215.45,-0.3028996921753768,0.03869792366666667,0.4068736069999999,3.4554776023333336,501.7568318666667,342.2063592,1.8360000000000003
-4.634181482203984,-178000,207.7,-0.49889230468720164,0.037635435,0.410891937,4.002579212,523.5151285,342.192431,1.7840000000000003
-5.420534298661335,-176000,189.75,-0.9824644378310528,0.03653065366666667,0.4145173323333333,4.540949450333334,534.6378591333333,342.178427,2.0420000000000007
-4.668404400287215,-174000,193.15,-0.8874501881555046,0.035431809,0.417620852,5.074104751,536.3468467,342.1648466,2.0940000000000003
-5.519885432360275,-172000,197.7,-0.7628827084616021,0.034310047333333336,0.4197046043333333,5.601097813999999,526.5016242333332,342.1514795666667,2.1980000000000004
-4.028541782855586,-170000,197.8,-0.7601772722471851,0.033173578,0.42089846,6.122099901,511.6008804,342.1383111,2.281
-4.6775692501695225,-168000,196.6,-0.792733153641354,0.032130871,0.42071962533333335,0.3528443593333333,495.1741933333333,342.1266837333333,2.353
-5.3906297042915545,-166000,185.25,-1.1108706015636078,0.031075672,0.419526241,0.861377464,481.1307154,342.1152298,2.0949999999999998
-5.34011254016292,-164000,190.85,-0.951539496233131,0.030140307333333335,0.4169761406666666,1.3663742736666666,473.19863186666674,342.1054508666667,2.0429999999999997
-3.929358677023803,-162000,200.4,-0.6903118896289605,0.02929606,0.413573474,1.868245085,470.4018177,342.0968354,1.9909999999999992
-3.8581163540581067,-160000,186.5,-1.074891985807552,0.028609803333333333,0.4092742313333333,2.3675373263333332,473.85378910000003,342.0900433,1.9339999999999993
-4.548432466419855,-158000,186.5,-1.074891985807552,0.028108905,0.404636441,2.867242351,480.3444188,342.0851693,1.8879999999999992
-3.648831297807207,-156000,189.0,-1.0036525843371713,0.027826897666666666,0.400071397,3.3693329446666667,488.47637490000005,342.0824695333333,1.8473333333333326
-4.745521112422557,-154000,189.38,-0.9929067696351143,0.027778893,0.395996975,3.875544809,495.8365769,342.0820122,1.806666666666666
-3.900049162279496,-152000,197.54000000000002,-0.7672142540883575,0.028015643666666663,0.3932007473333334,4.385220332666667,499.6492163666667,342.0842768,1.7806666666666662
-3.626381379089565,-150000,202.35,-0.6385051533342294,0.028439329,0.391670185,4.898469826,499.7423416,342.0883677,1.7806666666666662
-3.6934225337101756,-148000,202.14499999999998,-0.6439279649581084,0.029139055,0.39216601433333337,5.420677035333334,494.1719167666667,342.0952812,1.7806666666666662
-4.395155068996382,-146000,195.81,-0.8142744278697469,0.029974362,0.394122108,5.944708083,485.2608436,342.1037182,1.795333333333333
-3.3733052387637237,-144000,193.59,-0.8752766296114175,0.031027348,0.39785090966666664,2.2842775106666666,474.4378598,342.11474819999995,1.8099999999999998
-3.273809254444736,-142000,195.305,-0.8280900652214513,0.032159207,0.402513802,0.718925685,464.9862287,342.1269621,1.8099999999999998
-3.7354756489661454,-140000,196.51,-0.795182849697993,0.033358481333333335,0.40784776466666667,1.251712693,461.42496393333334,342.14046163333336,1.8099999999999998
-3.426071455803226,-138000,192.75,-0.8985411483338598,0.034617512,0.413162434,1.785462424,464.3564631,342.155076,1.8099999999999998
-3.390191771137116,-136000,198.865,-0.7314489312490666,0.03587691766666667,0.41775466433333336,2.319789135,477.2946219,342.17033310000005,1.8139999999999996
-3.8672897360810725,-134000,203.74,-0.6018801241899845,0.037081812,0.421383738,2.85612115,496.2202736,342.1853438,1.8619999999999997
-3.84848019182312,-132000,217.585,-0.2501448684214189,0.038315795666666666,0.42320777933333337,3.395163962333333,518.5449798999999,342.2013242,1.8539999999999996
-3.231072483236612,-130000,231.51,0.08173430498001608,0.039445621,0.423547902,3.937664114,538.3053668,342.2163406,1.8459999999999994
-1.3355363855803217,-128000,257.9325,0.6599347719886192,0.04049154966666666,0.42178168099999996,4.483911713333334,546.9716828,342.23069783333335,1.8379999999999992
0.42292141430195956,-126000,277.31142857142856,1.0475061206110465,0.041409884,0.418631247,5.034954323,543.9713591,342.2435618,1.8259999999999992
1.0782391344007438,-124000,274.99333333333334,1.0025965590680914,0.042217183,0.41394422166666667,5.594033071333333,524.7336631,342.2551485666666,1.769999999999999
1.2692446561810178,-122000,277.338,1.0480187223938773,0.042918967,0.408557733,6.15815757,497.4896577,342.2653782,1.769999999999999
0.8795273604113455,-120000,278.33500000000004,1.0672169045036604,0.043366211999999994,0.40289608166666663,0.44733956433333333,468.2486976333333,342.27199993333335,1.779999999999999
0.28404928772093085,-118000,271.96999999999997,0.943451833704702,0.043721711,0.397578235,1.025381066,444.5042613,342.2773031,1.7899999999999991
-0.11741851000683011,-116000,275.57666666666665,1.0139332991778152,0.043870335,0.3934576606666667,1.610520065,435.3869996,342.2795356333333,1.7999999999999994
-0.6769201646690951,-114000,274.5833333333333,0.99461404983879,0.043884326,0.390609472,2.19919161,438.8234959,342.2797458,1.8099999999999994
-0.9433092241841088,-112000,267.075,0.8462838054946796,0.043738354,0.38988436199999993,2.789594665333333,457.2312506666667,342.2775537333334,1.8709999999999993
-1.0590608757856739,-110000,259.28000000000003,0.687811674851854,0.04341578,0.390744797,3.38049296,481.6230243,342.2727322,1.9219999999999993
-1.414795060930341,-108000,245.08666666666667,0.3866244938628529,0.04300097,0.393614214,3.967869826333333,504.81844156666665,342.26659420000004,1.972999999999999
-0.6840471341329379,-106000,238.385,0.23829640864872478,0.042451985,0.39762245,4.551913905,520.7961994,342.2585433,1.9309999999999987
-0.7070705524166669,-104000,246.99,0.4280118824784188,0.041756379333333336,0.40264283600000006,5.129231961333333,522.2145723,342.24851756666675,1.894999999999999
-0.7313015440780396,-102000,242.43999999999997,0.3285361604882423,0.040964793,0.407930477,5.701363728,513.8717894,342.2372772,1.8079999999999987
-0.9317811882446122,-100000,240.63333333333333,0.28851858524572166,0.040069085666666664,0.4129696096666667,4.172451536333334,497.94181473333333,342.22486423333334,1.7209999999999988
-1.048714800976375,-98000,245.49666666666667,0.39556691143659123,0.03914251,0.417441596,0.54450552,482.1259475,342.2122584,1.9249999999999985
-1.3797635539707855,-96000,241.7966666666667,0.31432065143962284,0.038059899333333334,0.42070615399999994,1.0993843223333333,473.1264003333333,342.19796576666664,1.9309999999999987
-1.6954407203602098,-94000,244.95666666666668,0.3837859693120367,0.03699755,0.422907037,1.651985903,471.6612002,342.1842743,1.9309999999999987
-1.3795381224713408,-92000,238.59333333333333,0.24296992661094413,0.03588096166666667,0.42349999666666666,2.1992439200000002,480.6787592333333,342.17036989999997,1.9309999999999987
-1.6814778971832807,-90000,232.44000000000003,0.10318276565068378,0.034743443,0.422944105,2.744955739,494.9530909,342.1565721,1.9229999999999987
-1.480884637067682,-88000,229.39,0.03251720804203693,0.03354723766666667,0.4208969683333333,3.289951118333333,511.01064190000005,342.14262006666667,1.6239999999999988
-1.9628493506498859,-86000,221.62,-0.15184062613749838,0.032346703,0.417933809,3.83439478,523.8371451,342.1290332,1.615999999999999
-1.6363508436756877,-84000,228.9433333333333,0.02208956837722157,0.031179751000000002,0.4139789436666666,4.379534528666667,527.3772393,342.11638176666673,1.6239999999999992
-0.990559551604771,-82000,245.158,0.38818140355295233,0.029986678,0.409562673,4.923816044,522.7022487,342.1038446,1.6999999999999993
-1.2003428315250084,-80000,236.055,0.18574771875075713,0.028806089999999996,0.404893159,5.472736462666667,508.2127862666667,342.0920026333333,1.7839999999999994
-1.3852936973446293,-78000,231.164,0.07373255711835627,0.027646034,0.400330902,6.02275778,489.7356045,342.0807517,1.8679999999999992
-1.8891675284523513,-76000,226.8475,-0.027111892207764665,0.026500035666666668,0.39631863700000003,0.2906333603333333,471.3276051,342.07016716666664,1.9519999999999993
-2.376942375152179,-74000,244.016,0.3632016985827218,0.025408053,0.392973745,0.8443112,456.5791571,342.0604297,2.019999999999999
-2.4315541583282787,-72000,234.05,0.14011189253526762,0.024314403,0.3909025056666667,1.398488575,450.2893251333333,342.0511532666667,2.019999999999999
-2.31193792807924,-70000,235.43200000000002,0.1716092507132371,0.023279561,0.389932092,1.9537041,450.8269054,342.0426955,1.6699999999999993
-3.5823233527583516,-68000,215.546,-0.30051637535343967,0.022287933333333333,0.3906484396666667,2.504424881333333,459.59778810000006,342.0349914333333,1.3199999999999992
-8.177012335247229,-66000,203.142,-0.6176060707964253,0.021311148,0.392574916,3.051215724,472.1515422,342.0276773,1.2309999999999994
-8.589112716366861,-64000,202.26,-0.6408852230702279,0.020358096000000003,0.39603036933333335,3.5941524470000004,486.21396093333334,342.0209093,1.2949999999999993
-8.582429095766756,-62000,199.98166666666668,-0.7014916430197324,0.01941667,0.400367752,4.128445425,498.6501057,342.014477,1.3589999999999993
-6.9050037801042565,-60000,206.845,-0.5209611101783999,0.018498489333333333,0.40551200466666665,4.652713384666667,506.5383532,342.0085468666666,1.7729999999999992
-5.546013287436534,-58000,220.23571428571427,-0.18536266766313672,0.017605485,0.410873197,5.166305625,510.6213674,342.0030066,2.1659999999999995
-6.127195021516718,-56000,220.85999999999999,-0.17021887599469013,0.016741919666666667,0.4160009986666666,5.671652065666667,510.17481916666674,341.9979524333333,2.297999999999999
-6.2549398781308145,-54000,211.70166666666668,-0.3967965426673878,0.015961418,0.420580042,6.167286111,507.7088434,341.9935671,2.253999999999999
-5.6033262960357995,-52000,220.0566666666667,-0.18971388906122333,0.015248741333333335,0.42390899200000004,0.36430473933333335,504.22755579999995,341.9897736,2.2099999999999995
-6.411402665506066,-50000,215.57999999999998,-0.2996725385151276,0.014600152,0.426058294,0.836897331,500.9855797,341.9864516,2.1659999999999995
-6.915439994490332,-48000,204.02285714285716,-0.5944577416433415,0.014184657666666664,0.426292131,1.3049490823333334,498.61997049999997,341.9844106666667,2.133
-6.678616937759518,-46000,205.53428571428572,-0.5549703113447899,0.01384268,0.425072853,1.768670199,497.1410646,341.9827669,2.1439999999999997
-6.53413181617764,-44000,215.74166666666665,-0.2956619970839298,0.013739275666666667,0.42190478166666673,2.2298430739999997,496.5645296,341.9822793666667,2.1779999999999995
-6.893252410243198,-42000,204.85500000000002,-0.5726812117842961,0.013735199,0.417531695,2.693920651,496.433713,341.98226,2.1139999999999994
-7.133957219732815,-40000,203.0375,-0.6203589178127576,0.013930915,0.411921955,3.1710353283333337,496.43241693333334,341.98318736666664,2.165999999999999
-6.866559409182444,-38000,200.36199999999997,-0.6913264568813923,0.014270643,0.405849046,3.657791395,496.0401794,341.9848246,2.227999999999999
-6.102767083328177,-36000,209.00592592592588,-0.4653591766827822,0.014672693333333334,0.399833089,4.158616179333333,494.1318767333334,341.9868225,2.2459999999999987
-6.7040001936191675,-34000,202.1904166666667,-0.6427260956304505,0.015174988,0.394390837,4.673810986,490.5977854,341.989379,2.212499999999999
-6.857783752287124,-32000,197.41666666666666,-0.7705555490225577,0.015757826333333332,0.39044783,5.206807844666667,484.37262630000004,341.9924727333334,2.314499999999999
-7.112746325483239,-30000,193.89684210526318,-0.8668035387711045,0.016365519,0.387984885,5.751163585,476.5287049,341.9958015,2.220499999999999
-6.311137062819847,-28000,189.23,-0.9971459605808773,0.016965886,0.387892725,2.1181062479999997,468.1912289333333,341.9992355333333,2.126499999999999
-7.004562379780309,-26000,190.919,-0.9496056042512272,0.017506784,0.389510255,0.584744516,461.4141172,342.0024137,2.0224999999999995
-7.958362410194711,-24000,184.50181818181818,-1.132521763199518,0.018101095333333334,0.3932138683333333,1.1557091266666666,459.5006849666667,342.0060400666666,2.0439999999999996
-7.53244055514386,-22000,188.3075,-1.0232910975397007,0.0186174,0.398026704,1.725906587,462.7032698,342.0092766,2.0279999999999996
-7.608120023560291,-20000,187.81900000000002,-1.0371878927373983,0.0189190505,0.402238568,2.1548042990000003,469.98952080000004,342.0112148,2.0919999999999996
-7.324776080188676,-19750,187.96,-1.0331730327510675,0.019223081,0.406576781,2.581400709,479.9958573,342.0131974,2.1559999999999997
-7.24736165409314,-19500,186.235,-1.082499268401752,0.019223081,0.406576781,2.581400709,479.9958573,342.0131974,2.2299999999999995
-6.968956558551917,-19250,190.05,-0.9740126193276286,0.019223081,0.406576781,2.581400709,479.9958573,342.0131974,2.2299999999999995
-6.9609173369820425,-19000,190.64333333333332,-0.9573360157432713,0.019223081,0.406576781,2.581400709,479.9958573,342.0131974,2.2299999999999995
-6.715748969219687,-18750,187.76,-1.038868764152449,0.019347076,0.409413384,2.867643102,488.0303716,342.0140155,2.2299999999999995
-6.5173192854662565,-18500,191.96,-0.9205135740095184,0.019347076,0.409413384,2.867643102,488.0303716,342.0140155,2.2819999999999996
-6.811634155839735,-18250,190.47,-0.9622024600062528,0.019347076,0.409413384,2.867643102,488.0303716,342.0140155,2.3339999999999996
-6.749402518677624,-18000,194.89,-0.8394702768447178,0.019347076,0.409413384,2.867643102,488.0303716,342.0140155,2.3859999999999997
-6.199381444214827,-17750,192.51,-0.905206777602903,0.01948696,0.412123057,3.153956892,496.4965151,342.0149448,2.4379999999999997
-6.606706580163765,-17500,190.235,-0.968807312370593,0.01948696,0.412123057,3.153956892,496.4965151,342.0149448,2.4899999999999993
-6.489276713957308,-17250,191.335,-0.9379609863864804,0.01948696,0.412123057,3.153956892,496.4965151,342.0149448,2.4899999999999993
-5.999788063190892,-17000,189.88333333333333,-0.9787064255595779,0.01948696,0.412123057,3.153956892,496.4965151,342.0149448,2.4899999999999993
-5.873817724470849,-16750,191.6775,-0.9283927582559911,0.019560178,0.414634273,3.436729869,504.8019754,342.0154339,2.4419999999999993
-5.878083634623658,-16500,187.93666666666664,-1.0338372223785037,0.019560178,0.414634273,3.436729869,504.8019754,342.0154339,2.3939999999999992
-6.017483673334085,-16250,187.81333333333336,-1.0373493094418653,0.019560178,0.414634273,3.436729869,504.8019754,342.0154339,2.345999999999999
-5.996438695910764,-16000,189.37666666666667,-0.9930009373945395,0.019560178,0.414634273,3.436729869,504.8019754,342.0154339,2.297999999999999
-5.856473982418741,-15750,192.30444444444447,-0.9109223755628827,0.019634874,0.41688678,3.722754432,512.5329588,342.0159348,2.249999999999999
-5.360188864562092,-15500,191.9144444444444,-0.9217833757735789,0.019634874,0.41688678,3.722754432,512.5329588,342.0159348,2.249999999999999
-5.031497925526648,-15250,197.91,-0.7572028717258011,0.019634874,0.41688678,3.722754432,512.5329588,342.0159348,2.249999999999999
-4.7667500644769305,-15000,204.14666666666668,-0.5912121246432596,0.019634874,0.41688678,3.722754432,512.5329588,342.0159348,2.249999999999999
-4.885784654679546,-14750,209.3475,-0.456622918824624,0.01967906,0.418834635,4.008446131,519.0956636,342.0162319,2.2839999999999994
-4.539663548533544,-14500,212.04500000000002,-0.38812705271137804,0.01967906,0.418834635,4.008446131,519.0956636,342.0162319,2.317999999999999
-3.867965760785724,-14250,220.87166666666667,-0.16993627607536693,0.01967906,0.418834635,4.008446131,519.0956636,342.0162319,2.2919999999999994
-4.484729399669773,-14000,223.51999999999998,-0.1061693239349718,0.01967906,0.418834635,4.008446131,519.0956636,342.0162319,2.2659999999999996
-4.494024485766075,-13750,223.26,-0.11239610291802261,0.019650556,0.420436248,4.292346502,523.9860354,342.0160402,2.2399999999999998
-4.227916263082617,-13500,225.17,-0.06682126718336608,0.019650556,0.420436248,4.292346502,523.9860354,342.0160402,2.1799999999999997
-3.985244527746873,-13250,229.08125,0.025311466134748065,0.019650556,0.420436248,4.292346502,523.9860354,342.0160402,2.1199999999999997
-3.5286814436899103,-13000,228.98399999999995,0.02303979192319253,0.019650556,0.420436248,4.292346502,523.9860354,342.0160402,2.1199999999999997
-2.955765322286013,-12750,232.63695652173917,0.10771413380178817,0.019612759,0.421657854,4.579432019,526.9641526,342.0157863,2.0659999999999994
-2.1356582415902294,-12500,240.71538461538464,0.29034252014720824,0.019612759,0.421657854,4.579432019,526.9641526,342.0157863,2.0119999999999996
-2.0831876603380213,-12250,237.54333333333332,0.21937372199367183,0.019612759,0.421657854,4.579432019,526.9641526,342.0157863,1.9579999999999995
-2.2648864452841564,-12000,238.77666666666664,0.2470792480243354,0.019612759,0.421657854,4.579432019,526.9641526,342.0157863,1.9039999999999995
-2.3228735838891135,-11750,241.2775,0.302821205070148,0.019597375,0.422486026,4.86345791,527.8690715,342.0156831,1.8499999999999996
-2.2445955157181277,-11500,237.97000000000003,0.22897457698236628,0.019597375,0.422486026,4.86345791,527.8690715,342.0156831,1.8499999999999996
-2.3409542159875674,-11250,238.33,0.23706191843421312,0.019597375,0.422486026,4.86345791,527.8690715,342.0156831,1.8499999999999996
-2.7201263044319806,-11000,238.99,0.2518570338717674,0.019597375,0.422486026,4.86345791,527.8690715,342.0156831,1.8499999999999996
-2.9648534080291697,-10750,244.12818181818182,0.3656606963960437,0.019424609,0.422905854,5.153372822,526.4895304,342.0145298,1.8499999999999996
-2.8895206190561264,-10500,245.97363636363636,0.4059512161003648,0.019424609,0.422905854,5.153372822,526.4895304,342.0145298,1.8459999999999996
-2.664089144402359,-10250,250.8416666666667,0.5107982105639169,0.019424609,0.422905854,5.153372822,526.4895304,342.0145298,1.8419999999999999
-2.8027722997890026,-10000,252.87545454545452,0.5540003326263111,0.019424609,0.422905854,5.153372822,526.4895304,342.0145298,1.8379999999999999
-2.2084669890752533,-9750,258.08714285714285,0.6631413914339621,0.019325481,0.422918144,5.438355461,523.2868112,342.0138726,1.834
-2.1097646536733037,-9500,267.0316666666667,0.8454156892613122,0.019325481,0.422918144,5.438355461,523.2868112,342.0138726,1.83
-1.564341571360298,-9250,264.73333333333335,0.7991690957491138,0.019325481,0.422918144,5.438355461,523.2868112,342.0138726,1.83
-1.5051467189603764,-9000,266.35,0.8317409835858361,0.019325481,0.422918144,5.438355461,523.2868112,342.0138726,1.83
-1.1297041574256992,-8750,266.45,0.8337492418676751,0.019180073,0.422536359,5.727244727,518.3885047,342.0129148,1.83
-0.8794369872425337,-8500,266.2,0.8287271819851519,0.019180073,0.422536359,5.727244727,518.3885047,342.0129148,1.83
-0.4621485601763239,-8250,264.3666666666666,0.7917539871469693,0.019180073,0.422536359,5.727244727,518.3885047,342.0129148,1.83
-0.34546040184331506,-8000,264.29999999999995,0.7904046807085435,0.019180073,0.422536359,5.727244727,518.3885047,342.0129148,1.83
-0.13247659001337828,-7750,262.8833333333333,0.7616511734134894,0.018937375,0.421776937,6.018640862,512.2282721,342.0113323,1.83
-0.040220460718706774,-7500,262.8833333333333,0.7616511734134894,0.018937375,0.421776937,6.018640862,512.2282721,342.0113323,1.83
-0.08550790505894373,-7250,262.85,0.7609727559639379,0.018937375,0.421776937,6.018640862,512.2282721,342.0113323,1.83
-0.16800187166061617,-7000,260.2,0.7067614136132075,0.018937375,0.421776937,6.018640862,512.2282721,342.0113323,1.83
-0.1285128034864378,-6750,260.4,0.7108720553828576,0.018748384,0.420666928,0.024574129,505.4720051,342.0101139,1.786
-0.056686047543503135,-6500,260.09999999999997,0.7047049077258823,0.018748384,0.420666928,0.024574129,505.4720051,342.0101139,1.7419999999999998
-0.0763452258186141,-6250,259.45000000000005,0.6913183161972981,0.018748384,0.420666928,0.024574129,505.4720051,342.0101139,1.6979999999999997
0.2598471433428634,-6000,259.90000000000003,0.700589522907571,0.018748384,0.420666928,0.024574129,505.4720051,342.0101139,1.6539999999999995
0.21956463622164266,-5750,260.25,0.7077893701924107,0.018453496,0.419247431,0.315537005,498.5725191,342.0082372,1.6099999999999994
0.19285296931615567,-5500,259.54999999999995,0.6933799732555646,0.018453496,0.419247431,0.315537005,498.5725191,342.0082372,1.6099999999999994
-0.01344664316195425,-5250,262.65,0.7569004436835836,0.018453496,0.419247431,0.315537005,498.5725191,342.0082372,1.6099999999999994
0.04332337037058847,-5000,259.53333333333336,0.6930364189128563,0.018453496,0.419247431,0.315537005,498.5725191,342.0082372,1.6099999999999994
0.016360065597169463,-4750,260.75,0.7180580873564599,0.01821091,0.417554781,0.611380665,491.9673964,342.0067158,1.6099999999999994
0.026027538395587843,-4500,261.6666666666667,0.73683303085524,0.01821091,0.417554781,0.611380665,491.9673964,342.0067158,1.6099999999999994
0.037286342951537634,-4250,264.35,0.7914166924395493,0.01821091,0.417554781,0.611380665,491.9673964,342.0067158,1.6099999999999994
-0.028511080907518933,-4000,264.3,0.7904046807085446,0.01821091,0.417554781,0.611380665,491.9673964,342.0067158,1.6099999999999994
0.011731259212490712,-3750,266.75,0.8397694975667073,0.017845751,0.415639159,0.90349362,486.319406,342.0044636,1.6099999999999994
-0.08312382878539848,-3500,265.25,0.8096002446871368,0.017845751,0.415639159,0.90349362,486.319406,342.0044636,1.6099999999999994
-0.01113161776948756,-3250,268.6666666666667,0.8780731631298171,0.017845751,0.415639159,0.90349362,486.319406,342.0044636,1.6099999999999994
-0.012592782355997294,-3000,270.0,0.9045583657350463,0.017845751,0.415639159,0.90349362,486.319406,342.0044636,1.6099999999999994
0.041447867970922155,-2750,270.1333333333334,0.9071996889187902,0.017496825,0.413554768,1.200023931,481.7757209,342.0023541,1.6099999999999994
-0.08068543244215426,-2500,271.3,0.9302558103008822,0.017496825,0.413554768,1.200023931,481.7757209,342.0023541,1.6119999999999997
-0.0029288667486824763,-2250,272.0333333333333,0.944697536861659,0.017496825,0.413554768,1.200023931,481.7757209,342.0023541,1.614
-0.15142946521909928,-2000,275.15,1.0056436438495988,0.017496825,0.413554768,1.200023931,481.7757209,342.0023541,1.6160000000000003
-0.16656872310999293,-1750,272.6333333333333,0.9564845673333217,0.017161387,0.411352984,1.49792848,478.5703513,342.0003655,1.6740000000000006
-0.2580028553563174,-1500,274.5,0.9929901311740233,0.017161387,0.411352984,1.49792848,478.5703513,342.0003655,1.7320000000000007
-0.1854633058659952,-1250,274.70000000000005,0.9968867081853131,0.017161387,0.411352984,1.49792848,478.5703513,342.0003655,1.7880000000000007
-0.1645011787733973,-1000,275.2,1.0066157525104007,0.017161387,0.411352984,1.49792848,478.5703513,342.0003655,1.8440000000000005
-0.2817782989981648,-750,276.0333333333333,1.0227916129315053,0.016702362,0.409092804,1.796256991,476.9000623,341.9977067,1.9000000000000004
-0.3018961524329401,-500,277.75,1.0559605276743476,0.016702362,0.409092804,1.796256991,476.9000623,341.9977067,1.9000000000000004
-0.19134069315018912,-250,276.76666666666665,1.036986025503074,0.016702362,0.409092804,1.796256991,476.9000623,341.9977067,1.8900000000000001
-0.3600130222054284,0,277.35,1.0482502038753956,0.016702362,0.409092804,1.796256991,476.9000623,341.9977067,1.8800000000000001
-0.28079254139629645,50,277.65,1.054033988222488,0.016275197,0.40683379,2.098560775,476.5566163,341.9952972,1.8699999999999999
-0.41453697718736476,100,277.5,1.0511428776414589,0.016275197,0.40683379,2.098560775,476.5566163,341.9952972,1.8599999999999999
-0.3747806440518519,150,277.91,1.059041548527596,0.016275197,0.40683379,2.098560775,476.5566163,341.9952972,1.8499999999999996
-0.5462964569897668,200,279.59999999999997,1.0914769405178963,0.016275197,0.40683379,2.098560775,476.5566163,341.9952972,1.8499999999999996
-0.5817477619626673,250,279.59999999999997,1.0914769405178963,0.016275197,0.40683379,2.098560775,476.5566163,341.9952972,1.8499999999999996
-0.36789720382207375,300,281.3,1.1239070629963321,0.016275197,0.40683379,2.098560775,476.5566163,341.9952972,1.8499999999999996
-0.2589735737801799,350,277.8,1.0569235373070445,0.016275197,0.40683379,2.098560775,476.5566163,341.9952972,1.8499999999999996
-0.387200370424817,400,278.19,1.0644290692130487,0.016275197,0.40683379,2.098560775,476.5566163,341.9952972,1.8499999999999996
-0.44370473857300907,450,280.0,1.0991252620492273,0.016275197,0.40683379,2.098560775,476.5566163,341.9952972,1.8499999999999996
-0.41094164669792443,500,276.95000000000005,1.0405287520569968,0.016275197,0.40683379,2.098560775,476.5566163,341.9952972,1.8499999999999996
-0.6847893880540974,550,277.51,1.051335666960591,0.016275197,0.40683379,2.098560775,476.5566163,341.9952972,1.8499999999999996
-0.5109268107166307,600,277.03499999999997,1.0421704932722575,0.016275197,0.40683379,2.098560775,476.5566163,341.9952972,1.8499999999999996
-0.25049342036598776,650,279.02,1.0803674166375379,0.016275197,0.40683379,2.098560775,476.5566163,341.9952972,1.8499999999999996
-0.5071757551594028,700,277.1,1.0434256025925326,0.016275197,0.40683379,2.098560775,476.5566163,341.9952972,1.8499999999999996
-0.31952729702544336,750,279.64,1.0922422648879881,0.016275197,0.40683379,2.098560775,476.5566163,341.9952972,1.8499999999999996
-0.47478254716921503,800,279.17,1.0832427817258317,0.016275197,0.40683379,2.098560775,476.5566163,341.9952972,1.8499999999999996
-0.4363973763821143,850,279.765,1.094633198151475,0.016275197,0.40683379,2.098560775,476.5566163,341.9952972,1.8499999999999996
-0.36872322477583624,900,279.765,1.094633198151475,0.016275197,0.40683379,2.098560775,476.5566163,341.9952972,1.8499999999999996
-0.36575326069221165,950,277.41,1.0494074610722068,0.016275197,0.40683379,2.098560775,476.5566163,341.9952972,1.8499999999999996
-0.32590917127306807,1000,279.53333333333336,1.0902011565604985,0.016275197,0.40683379,2.098560775,476.5566163,341.9952972,1.8499999999999996
-0.28727389094311284,1050,281.57666666666665,1.129166356456237,0.01585015,0.40463143,2.397656662,477.3249285,341.9929617,1.8499999999999996
-0.35795350027564254,1100,282.965,1.1554800857888843,0.01585015,0.40463143,2.397656662,477.3249285,341.9929617,1.8499999999999996
-0.5370289765442192,1150,284.24,1.1795322767570706,0.01585015,0.40463143,2.397656662,477.3249285,341.9929617,1.8499999999999996
-0.5572541491607241,1200,284.115,1.1771789939997004,0.01585015,0.40463143,2.397656662,477.3249285,341.9929617,1.8499999999999996
-0.5607978718324302,1250,282.305,1.142986935242957,0.01585015,0.40463143,2.397656662,477.3249285,341.9929617,1.8499999999999996
-0.46967396731517874,1300,280.005,1.0992207969105259,0.01585015,0.40463143,2.397656662,477.3249285,341.9929617,1.8499999999999996
-0.5012185428425765,1350,281.21500000000003,1.122290217211024,0.01585015,0.40463143,2.397656662,477.3249285,341.9929617,1.8499999999999996
-0.31703019739085575,1400,280.305,1.1049497689201977,0.01585015,0.40463143,2.397656662,477.3249285,341.9929617,1.8499999999999996
-0.47635304227217334,1450,280.75666666666666,1.1135635001095587,0.01585015,0.40463143,2.397656662,477.3249285,341.9929617,1.8499999999999996
-0.3672684973338021,1500,283.12,1.1584098578928044,0.01585015,0.40463143,2.397656662,477.3249285,341.9929617,1.8499999999999996
-0.3634850794807,1550,282.96999999999997,1.1555746196134424,0.01585015,0.40463143,2.397656662,477.3249285,341.9929617,1.8499999999999996
-0.6355836004541933,1600,276.6625,1.034972067053417,0.01585015,0.40463143,2.397656662,477.3249285,341.9929617,1.8499999999999996
-0.5848728494442569,1650,276.16333333333336,1.0253106430337615,0.01585015,0.40463143,2.397656662,477.3249285,341.9929617,1.8499999999999996
-0.5352173854036062,1700,277.124,1.0438889531514406,0.01585015,0.40463143,2.397656662,477.3249285,341.9929617,1.8499999999999996
-0.5513379646747927,1750,277.325,1.0477679394860118,0.01585015,0.40463143,2.397656662,477.3249285,341.9929617,1.8499999999999996
-0.6034973483326904,1800,280.7775,1.1139604780318324,0.01585015,0.40463143,2.397656662,477.3249285,341.9929617,1.8499999999999996
-0.36269869561152385,1850,284.12454545454545,1.1773587357379562,0.01585015,0.40463143,2.397656662,477.3249285,341.9929617,1.8499999999999996
-0.2215176277348913,1851,287.13,1.2336535356799394,0.01585015,0.40463143,2.397656662,477.3249285,341.9929617,1.8499999999999996
-0.2547386194631559,1852,288.05,1.25076819264814,0.01585015,0.40463143,2.397656662,477.3249285,341.9929617,1.8499999999999996
-0.22615231828843144,1853,288.05,1.25076819264814,0.01585015,0.40463143,2.397656662,477.3249285,341.9929617,1.8499999999999996
-0.27439440766256545,1854,288.05,1.25076819264814,0.01585015,0.40463143,2.397656662,477.3249285,341.9929617,1.8499999999999996
-0.227020790154205,1855,285.57,1.2045073137763227,0.01585015,0.40463143,2.397656662,477.3249285,341.9929617,1.8499999999999996
-0.33323372879720753,1856,283.16,1.159165667740781,0.01585015,0.40463143,2.397656662,477.3249285,341.9929617,1.8499999999999996
-0.3896542106855975,1857,283.16,1.159165667740781,0.01585015,0.40463143,2.397656662,477.3249285,341.9929617,1.8499999999999996
-0.3008473795994857,1858,286.63,1.2243290771009312,0.01585015,0.40463143,2.397656662,477.3249285,341.9929617,1.8499999999999996
-0.1882806131668015,1859,286.63,1.2243290771009312,0.01585015,0.40463143,2.397656662,477.3249285,341.9929617,1.8499999999999996
-0.33228099458436106,1860,287.17,1.2343987907743013,0.01585015,0.40463143,2.397656662,477.3249285,341.9929617,1.8499999999999996
-0.34567091153558654,1861,287.17,1.2343987907743013,0.01585015,0.40463143,2.397656662,477.3249285,341.9929617,1.8499999999999996
-0.460539833989705,1862,287.17,1.2343987907743013,0.01585015,0.40463143,2.397656662,477.3249285,341.9929617,1.8499999999999996
-0.22852706765262576,1863,285.35,1.2003841439512786,0.01585015,0.40463143,2.397656662,477.3249285,341.9929617,1.8499999999999996
-0.2785203558370461,1864,286.65,1.2247023676397373,0.01585015,0.40463143,2.397656662,477.3249285,341.9929617,1.8499999999999996
-0.21072405898212712,1865,285.05,1.1947565136988536,0.01585015,0.40463143,2.397656662,477.3249285,341.9929617,1.8499999999999996
-0.21083834701699453,1866,285.05,1.1947565136988536,0.01585015,0.40463143,2.397656662,477.3249285,341.9929617,1.8499999999999996
-0.1720238750048787,1867,285.05,1.1947565136988536,0.01585015,0.40463143,2.397656662,477.3249285,341.9929617,1.8499999999999996
-0.24154972527934696,1868,288.765,1.2640315507757762,0.01585015,0.40463143,2.397656662,477.3249285,341.9929617,1.8499999999999996
-0.1729094787944897,1869,287.15999999999997,1.234212486733051,0.01585015,0.40463143,2.397656662,477.3249285,341.9929617,1.8499999999999996
-0.2763780978060812,1870,287.15999999999997,1.234212486733051,0.01585015,0.40463143,2.397656662,477.3249285,341.9929617,1.8499999999999996
-0.2792578098753865,1871,286.66,1.2248890031423647,0.01585015,0.40463143,2.397656662,477.3249285,341.9929617,1.8499999999999996
-0.24448188461540182,1872,286.66,1.2248890031423647,0.01585015,0.40463143,2.397656662,477.3249285,341.9929617,1.8499999999999996
-0.2136193529444978,1873,286.66,1.2248890031423647,0.01585015,0.40463143,2.397656662,477.3249285,341.9929617,1.8499999999999996
-0.238493086780718,1874,291.56,1.3155660034437073,0.01585015,0.40463143,2.397656662,477.3249285,341.9929617,1.8499999999999996
-0.2702367418994279,1875,289.33,1.2744891778524792,0.01585015,0.40463143,2.397656662,477.3249285,341.9929617,1.8499999999999996
-0.3129227422112122,1876,289.33,1.2744891778524792,0.01585015,0.40463143,2.397656662,477.3249285,341.9929617,1.8499999999999996
-0.019316486879171396,1877,289.33,1.2744891778524792,0.01585015,0.40463143,2.397656662,477.3249285,341.9929617,1.8499999999999996
0.05278789624655549,1878,287.77,1.2455651774070282,0.01585015,0.40463143,2.397656662,477.3249285,341.9929617,1.8499999999999996
-0.18207554161398493,1879,287.77,1.2455651774070282,0.01585015,0.40463143,2.397656662,477.3249285,341.9929617,1.8499999999999996
-0.295134769590905,1880,287.77,1.2455651774070282,0.01585015,0.40463143,2.397656662,477.3249285,341.9929617,1.8499999999999996
-0.16981415785582205,1881,292.46,1.3320551778267131,0.01585015,0.40463143,2.397656662,477.3249285,341.9929617,1.8499999999999996
-0.2791669010660509,1882,292.46,1.3320551778267131,0.01585015,0.40463143,2.397656662,477.3249285,341.9929617,1.8499999999999996
-0.19435880288232255,1883,292.46,1.3320551778267131,0.01585015,0.40463143,2.397656662,477.3249285,341.9929617,1.8499999999999996
-0.43769034744184004,1884,289.495,1.2775393226247707,0.01585015,0.40463143,2.397656662,477.3249285,341.9929617,1.8499999999999996
-0.40771729238293997,1885,288.12,1.252068156206959,0.01585015,0.40463143,2.397656662,477.3249285,341.9929617,1.8499999999999996
-0.4685171962456199,1886,288.12,1.252068156206959,0.01585015,0.40463143,2.397656662,477.3249285,341.9929617,1.8499999999999996
-0.48430367836185506,1887,294.34,1.3663361403811638,0.01585015,0.40463143,2.397656662,477.3249285,341.9929617,1.8499999999999996
-0.31306222666016675,1888,292.34,1.3298595553608759,0.01585015,0.40463143,2.397656662,477.3249285,341.9929617,1.8499999999999996
-0.14395675903348007,1889,292.34,1.3298595553608759,0.01585015,0.40463143,2.397656662,477.3249285,341.9929617,1.8499999999999996
-0.39713222122867636,1890,290.92,1.3038093718756605,0.01585015,0.40463143,2.397656662,477.3249285,341.9929617,1.8499999999999996
-0.3179443398958032,1891,295.17,1.3814012043636852,0.01585015,0.40463143,2.397656662,477.3249285,341.9929617,1.8499999999999996
-0.3812695859757922,1892,295.17,1.3814012043636852,0.01585015,0.40463143,2.397656662,477.3249285,341.9929617,1.8499999999999996
-0.2939645992057554,1893,295.09000000000003,1.3799509959720595,0.01585015,0.40463143,2.397656662,477.3249285,341.9929617,1.8499999999999996
-0.3424300226080639,1894,293.49,1.350863969279084,0.01585015,0.40463143,2.397656662,477.3249285,341.9929617,1.8499999999999996
-0.2541218553242254,1895,296.16499999999996,1.3994053983445398,0.01585015,0.40463143,2.397656662,477.3249285,341.9929617,1.8499999999999996
-0.2800550730486328,1896,296.16499999999996,1.3994053983445398,0.01585015,0.40463143,2.397656662,477.3249285,341.9929617,1.8499999999999996
-0.16182593773684908,1897,296.16499999999996,1.3994053983445398,0.01585015,0.40463143,2.397656662,477.3249285,341.9929617,1.8499999999999996
-0.38719439565385105,1898,296.16499999999996,1.3994053983445398,0.01585015,0.40463143,2.397656662,477.3249285,341.9929617,1.8499999999999996
-0.2082182449203465,1899,296.16499999999996,1.3994053983445398,0.01585015,0.40463143,2.397656662,477.3249285,341.9929617,1.8499999999999996
-0.13828905797676297,1900,294.22,1.364154544591794,0.01585015,0.40463143,2.397656662,477.3249285,341.9929617,1.8499999999999996
-0.1773589871947451,1901,295.61,1.3893703313999772,0.01585015,0.40463143,2.397656662,477.3249285,341.9929617,1.8499999999999996
-0.3876115654446553,1902,295.61,1.3893703313999772,0.01585015,0.40463143,2.397656662,477.3249285,341.9929617,1.8499999999999996
-0.37502552699705255,1903,295.99,1.3962432194310577,0.01585015,0.40463143,2.397656662,477.3249285,341.9929617,1.8499999999999996
-0.43027675287385836,1904,295.99,1.3962432194310577,0.01585015,0.40463143,2.397656662,477.3249285,341.9929617,1.8499999999999996
-0.3071393719701124,1905,299.02,1.4507318502976738,0.01585015,0.40463143,2.397656662,477.3249285,341.9929617,1.8499999999999996
-0.24118104543715363,1906,298.48,1.4410615547777703,0.01585015,0.40463143,2.397656662,477.3249285,341.9929617,1.8499999999999996
-0.34190431779680996,1907,301.5,1.4949204715884765,0.01585015,0.40463143,2.397656662,477.3249285,341.9929617,1.8499999999999996
-0.42155804028175964,1908,301.5,1.4949204715884765,0.01585015,0.40463143,2.397656662,477.3249285,341.9929617,1.8499999999999996
-0.4762996988792986,1909,301.5,1.4949204715884765,0.01585015,0.40463143,2.397656662,477.3249285,341.9929617,1.8499999999999996
-0.4744871116661074,1910,297.87,1.4301166360615685,0.01585015,0.40463143,2.397656662,477.3249285,341.9929617,1.8499999999999996
-0.3776625676669649,1911,298.3666666666667,1.4390297654607338,0.01585015,0.40463143,2.397656662,477.3249285,341.9929617,1.8499999999999996
-0.4462408133546067,1912,301.3,1.4913703719227087,0.01585015,0.40463143,2.397656662,477.3249285,341.9929617,1.8499999999999996
-0.379495649517761,1913,301.3,1.4913703719227087,0.01585015,0.40463143,2.397656662,477.3249285,341.9929617,1.8499999999999996
-0.2655170144244568,1914,300.7,1.480705916564228,0.01585015,0.40463143,2.397656662,477.3249285,341.9929617,1.8499999999999996
-0.20150593257460456,1915,301.92,1.5023680217620266,0.01585015,0.40463143,2.397656662,477.3249285,341.9929617,1.8499999999999996
-0.39258198527526583,1916,301.92,1.5023680217620266,0.01585015,0.40463143,2.397656662,477.3249285,341.9929617,1.8499999999999996
-0.5176024084235866,1917,303.85,1.536458633504041,0.01585015,0.40463143,2.397656662,477.3249285,341.9929617,1.8499999999999996
-0.4109302794701384,1918,303.85,1.536458633504041,0.01585015,0.40463143,2.397656662,477.3249285,341.9929617,1.8499999999999996
-0.26953507594007414,1919,304.61,1.5498235288612028,0.01585015,0.40463143,2.397656662,477.3249285,341.9929617,1.8499999999999996
-0.20713370124942504,1920,301.88,1.5016591777729131,0.01585015,0.40463143,2.397656662,477.3249285,341.9929617,1.8499999999999996
-0.15169298428085434,1921,304.69,1.5512284197276376,0.01585015,0.40463143,2.397656662,477.3249285,341.9929617,1.8499999999999996
-0.22898087571883224,1922,304.69,1.5512284197276376,0.01585015,0.40463143,2.397656662,477.3249285,341.9929617,1.8499999999999996
-0.15782021273892322,1923,304.69,1.5512284197276376,0.01585015,0.40463143,2.397656662,477.3249285,341.9929617,1.8499999999999996
-0.24393314622810752,1924,304.845,1.5539493463942755,0.01585015,0.40463143,2.397656662,477.3249285,341.9929617,1.8499999999999996
-0.1809379174608563,1925,304.845,1.5539493463942755,0.01585015,0.40463143,2.397656662,477.3249285,341.9929617,1.8499999999999996
-0.0914587868715398,1926,306.845,1.588934512506605,0.01585015,0.40463143,2.397656662,477.3249285,341.9929617,1.8499999999999996
-0.1587784365136047,1927,306.845,1.588934512506605,0.01585015,0.40463143,2.397656662,477.3249285,341.9929617,1.8499999999999996
-0.12836030865832765,1928,306.845,1.588934512506605,0.01585015,0.40463143,2.397656662,477.3249285,341.9929617,1.8499999999999996
-0.27926309346306555,1929,305.6233333333333,1.5675916120526128,0.01585015,0.40463143,2.397656662,477.3249285,341.9929617,1.8499999999999996
-0.07356412049500105,1930,305.74,1.5696334966086927,0.01585015,0.40463143,2.397656662,477.3249285,341.9929617,1.8499999999999996
-0.03137758281804574,1931,305.74,1.5696334966086927,0.01585015,0.40463143,2.397656662,477.3249285,341.9929617,1.8499999999999996
-0.05703382113270485,1932,308.26,1.613549052638111,0.01585015,0.40463143,2.397656662,477.3249285,341.9929617,1.8499999999999996
-0.21115433496141894,1933,307.11,1.593552929452614,0.01585015,0.40463143,2.397656662,477.3249285,341.9929617,1.8499999999999996
-0.06243472924685768,1934,308.355,1.6151975691484832,0.01585015,0.40463143,2.397656662,477.3249285,341.9929617,1.8499999999999996
-0.1562467224746983,1935,306.32,1.5797730284481002,0.01585015,0.40463143,2.397656662,477.3249285,341.9929617,1.8499999999999996
-0.11633912911755927,1936,308.29999999999995,1.6142432267665006,0.01585015,0.40463143,2.397656662,477.3249285,341.9929617,1.8499999999999996
0.1303037392767813,1937,307.41,1.598776519010331,0.01585015,0.40463143,2.397656662,477.3249285,341.9929617,1.8499999999999996
0.1859563977086071,1938,311.0675,1.6620540128927066,0.01585015,0.40463143,2.397656662,477.3249285,341.9929617,1.8499999999999996
0.05345786038304413,1939,310.835,1.6580537875906685,0.01585015,0.40463143,2.397656662,477.3249285,341.9929617,1.8499999999999996
0.14564632907973557,1940,310.375,1.650130539575311,0.01585015,0.40463143,2.397656662,477.3249285,341.9929617,1.8499999999999996
-0.02962489113424294,1941,309.77,1.6396918485373673,0.01585015,0.40463143,2.397656662,477.3249285,341.9929617,1.8499999999999996
0.0663008042405405,1942,312.37,1.6844087321345582,0.01585015,0.40463143,2.397656662,477.3249285,341.9929617,1.8499999999999996
0.1828096815159926,1943,312.36,1.6842374581441797,0.01585015,0.40463143,2.397656662,477.3249285,341.9929617,1.8499999999999996
0.21749695409480815,1944,312.36,1.6842374581441797,0.01585015,0.40463143,2.397656662,477.3249285,341.9929617,1.8499999999999996
0.10777021719543949,1945,310.9375,1.65981769643182,0.01585015,0.40463143,2.397656662,477.3249285,341.9929617,1.8499999999999996
-0.07963712920219689,1946,312.265,1.6826100817057759,0.01585015,0.40463143,2.397656662,477.3249285,341.9929617,1.8499999999999996
0.16899828101336428,1947,311.615,1.6714621004970145,0.01585015,0.40463143,2.397656662,477.3249285,341.9929617,1.8499999999999996
-0.1975913014746333,1948,311.57,1.6706894567382,0.01585015,0.40463143,2.397656662,477.3249285,341.9929617,1.8499999999999996
-0.08622550289808925,1949,309.69,1.6383099998227468,0.01585015,0.40463143,2.397656662,477.3249285,341.9929617,1.8499999999999996
-0.14022473569015828,1950,312.83000000000004,1.6922814142973455,0.01585015,0.40463143,2.397656662,477.3249285,341.9929617,1.8499999999999996
0.011482641492799707,1951,312.18,1.6811535883306707,0.01585015,0.40463143,2.397656662,477.3249285,341.9929617,1.8499999999999996
0.10875494422342945,1952,312.18,1.6811535883306707,0.01585015,0.40463143,2.397656662,477.3249285,341.9929617,1.8499999999999996
0.2691607489772294,1953,312.73,1.6905709468615848,0.01585015,0.40463143,2.397656662,477.3249285,341.9929617,1.8499999999999996
0.04755472176329699,1954,312.73,1.6905709468615848,0.01585015,0.40463143,2.397656662,477.3249285,341.9929617,1.8499999999999996
-0.004531816318318936,1955,314.71,1.7243368373468253,0.01585015,0.40463143,2.397656662,477.3249285,341.9929617,1.8499999999999996
-0.10364581930942997,1956,315.34,1.735035991773687,0.01585015,0.40463143,2.397656662,477.3249285,341.9929617,1.8499999999999996
0.05930345696544431,1957,315.34666666666664,1.7351490960092868,0.01585015,0.40463143,2.397656662,477.3249285,341.9929617,1.8499999999999996
-0.04532957607693173,1958,315.33500000000004,1.7349511620277793,0.01585015,0.40463143,2.397656662,477.3249285,341.9929617,1.8499999999999996
0.07307035442926296,1959,314.155,1.7148936316638945,0.01585015,0.40463143,2.397656662,477.3249285,341.9929617,1.8499999999999996
-0.05997565232979968,1960,313.09,1.696726072017195,0.01585015,0.40463143,2.397656662,477.3249285,341.9929617,1.8499999999999996
0.03197565435527035,1961,318.21,1.7835076357861053,0.01585015,0.40463143,2.397656662,477.3249285,341.9929617,1.8499999999999996
-0.0848086012047406,1962,317.75,1.7757681539659063,0.01585015,0.40463143,2.397656662,477.3249285,341.9929617,1.8499999999999996
-0.07806684597098959,1963,318.3766666666667,1.7863090349788011,0.01585015,0.40463143,2.397656662,477.3249285,341.9929617,1.8499999999999996
-0.347829955673411,1964,319.12,1.7987854457385009,0.01585015,0.40463143,2.397656662,477.3249285,341.9929617,1.8499999999999996
-0.1085502483480162,1965,319.54499999999996,1.8059057680847195,0.01585015,0.40463143,2.397656662,477.3249285,341.9929617,1.8499999999999996
-0.10646807752969449,1966,320.98,1.8298775501213465,0.01585015,0.40463143,2.397656662,477.3249285,341.9929617,1.8499999999999996
0.05662727527047618,1967,321.33000000000004,1.835708068672609,0.01585015,0.40463143,2.397656662,477.3249285,341.9929617,1.8499999999999996
-0.15119310722933899,1968,323.56499999999994,1.8727909980578668,0.01585015,0.40463143,2.397656662,477.3249285,341.9929617,1.8499999999999996
0.016561540505408142,1969,323.56499999999994,1.8727909980578668,0.01585015,0.40463143,2.397656662,477.3249285,341.9929617,1.8499999999999996
-0.01366940066369955,1970,324.56,1.8892176261990674,0.01585015,0.40463143,2.397656662,477.3249285,341.9929617,1.8499999999999996
-0.04883926441979354,1971,325.9566666666667,1.9121906829429143,0.01585015,0.40463143,2.397656662,477.3249285,341.9929617,1.8499999999999996
0.01438958714620006,1972,329.385,1.9681668297021866,0.01585015,0.40463143,2.397656662,477.3249285,341.9929617,1.8499999999999996
0.09094896802730976,1973,331.55,2.0032165439033314,0.01585015,0.40463143,2.397656662,477.3249285,341.9929617,1.8499999999999996
-0.02388695064853756,1974,331.55,2.0032165439033314,0.01585015,0.40463143,2.397656662,477.3249285,341.9929617,1.8499999999999996
0.0003214581292261867,1975,332.37,2.0164319982674392,0.01585015,0.40463143,2.397656662,477.3249285,341.9929617,1.8499999999999996
-0.09738748391051875,1976,332.37,2.0164319982674392,0.01585015,0.40463143,2.397656662,477.3249285,341.9929617,1.8499999999999996
0.18575137014242618,1977,333.96000000000004,2.0419644405867707,0.01585015,0.40463143,2.397656662,477.3249285,341.9929617,1.8499999999999996
0.07259291122441024,1978,334.85,2.0562031714986584,0.01585015,0.40463143,2.397656662,477.3249285,341.9929617,1.8499999999999996
-0.0041673877310474654,1979,336.85,2.0880627267194205,0.01585015,0.40463143,2.397656662,477.3249285,341.9929617,1.8499999999999996
0.31093513816845186,1980,338.91,2.1206809170209096,0.01585015,0.40463143,2.397656662,477.3249285,341.9929617,1.8499999999999996
0.42433163169150584,1981,340.11,2.1395905417259926,0.01585015,0.40463143,2.397656662,477.3249285,341.9929617,1.8499999999999996
0.017166131287828876,1982,340.85,2.1512182483707916,0.01585015,0.40463143,2.397656662,477.3249285,341.9929617,1.8499999999999996
0.21518400964669737,1983,342.53,2.17752284641762,0.01585015,0.40463143,2.397656662,477.3249285,341.9929617,1.8499999999999996
0.2215640526131821,1984,344.07,2.201522304082035,0.01585015,0.40463143,2.397656662,477.3249285,341.9929617,1.8499999999999996
0.14614136920045448,1985,345.54,2.224330882588245,0.01585015,0.40463143,2.397656662,477.3249285,341.9929617,1.8499999999999996
0.12712551198930608,1986,346.97,2.2464259017908796,0.01585015,0.40463143,2.397656662,477.3249285,341.9929617,1.8499999999999996
0.19627278569081846,1987,348.68,2.2727279744607998,0.01585015,0.40463143,2.397656662,477.3249285,341.9929617,1.8499999999999996
0.42167249898843034,1988,351.16,2.3106453714040853,0.01585015,0.40463143,2.397656662,477.3249285,341.9929617,1.8499999999999996
0.23517304740281283,1989,352.79,2.3354213230632266,0.01585015,0.40463143,2.397656662,477.3249285,341.9929617,1.8499999999999996
0.49130797998086567,1990,354.06,2.3546460731834005,0.01585015,0.40463143,2.397656662,477.3249285,341.9929617,1.8499999999999996
0.5259637177042632,1991,355.39,2.3747052974719383,0.01585015,0.40463143,2.397656662,477.3249285,341.9929617,1.8499999999999996
0.18492610455650144,1992,356.09,2.385232652305171,0.01585015,0.40463143,2.397656662,477.3249285,341.9929617,1.8499999999999996
0.23671333585728868,1993,356.83,2.396339091798595,0.01585015,0.40463143,2.397656662,477.3249285,341.9929617,1.8499999999999996
0.291975996354798,1994,358.33,2.418781655051449,0.01585015,0.40463143,2.397656662,477.3249285,341.9929617,1.8499999999999996
0.5300865351735381,1995,360.17,2.446183245920199,0.01585015,0.40463143,2.397656662,477.3249285,341.9929617,1.8499999999999996
0.48098905590989915,1996,361.93,2.472262787938324,0.01585015,0.40463143,2.397656662,477.3249285,341.9929617,1.8499999999999996
0.45835511289407027,1997,363.04,2.4886455476124363,0.01585015,0.40463143,2.397656662,477.3249285,341.9929617,1.8499999999999996
0.6717136950909026,1998,365.7,2.5277021746747868,0.01585015,0.40463143,2.397656662,477.3249285,341.9929617,1.8499999999999996
0.4183974737833992,1999,367.79,2.5581907437381077,0.01585015,0.40463143,2.397656662,477.3249285,341.9929617,1.8499999999999996
0.4877349828279573,2000,368.96,2.5751829534754553,0.01585015,0.40463143,2.397656662,477.3249285,341.9929617,1.8499999999999996
0.6109031074395279,2001,370.57,2.598477515178624,0.01585015,0.40463143,2.397656662,477.3249285,341.9929617,1.8499999999999996
0.753891991862871,2002,372.58,2.627417907353101,0.01585015,0.40463143,2.397656662,477.3249285,341.9929617,1.8499999999999996
0.6502514731940432,2003,375.14,2.6640520846259856,0.01585015,0.40463143,2.397656662,477.3249285,341.9929617,1.8499999999999996
0.4771003539551155,2004,376.95,2.689803041812495,0.01585015,0.40463143,2.397656662,477.3249285,341.9929617,1.8499999999999996
0.9009295581286715,2005,378.98,2.7185372529355973,0.01585015,0.40463143,2.397656662,477.3249285,341.9929617,1.8499999999999996
0.8016600905586913,2006,381.15,2.7490834267171547,0.01585015,0.40463143,2.397656662,477.3249285,341.9929617,1.8499999999999996
0.9081449352411253,2007,382.9,2.773591027979123,0.01585015,0.40463143,2.397656662,477.3249285,341.9929617,1.8499999999999996
0.6844404724031151,2008,385.02,2.803130638392804,0.01585015,0.40463143,2.397656662,477.3249285,341.9929617,1.8499999999999996
0.8409298617403924,2009,386.5,2.823656379040742,0.01585015,0.40463143,2.397656662,477.3249285,341.9929617,1.8499999999999996
0.9407801070223003,2010,388.75,2.8547109647836666,0.01585015,0.40463143,2.397656662,477.3249285,341.9929617,1.8499999999999996
0.9441859749591381,2011,390.62,2.880384314280529,0.01585015,0.40463143,2.397656662,477.3249285,341.9929617,1.8499999999999996
0.8904668678798987,2012,392.65,2.9081155546354687,0.01585015,0.40463143,2.397656662,477.3249285,341.9929617,1.8499999999999996
0.7921189795180505,2013,395.4,2.945454707534105,0.01585015,0.40463143,2.397656662,477.3249285,341.9929617,1.8499999999999996
0.8849593235998857,2014,397.34,2.9716398898622995,0.01585015,0.40463143,2.397656662,477.3249285,341.9929617,1.8499999999999996
0.9154476887897182,2015,399.65,3.0026529128790913,0.01585015,0.40463143,2.397656662,477.3249285,341.9929617,1.8499999999999996
1.2540204484522073,2016,403.07,3.048240691208128,0.01585015,0.40463143,2.397656662,477.3249285,341.9929617,1.8499999999999996
1.0788375582089964,2017,405.22,3.07670207790807,0.01585015,0.40463143,2.397656662,477.3249285,341.9929617,1.8499999999999996
1.0876056605588822,2018,407.61,3.1081638518319705,0.01585015,0.40463143,2.397656662,477.3249285,341.9929617,1.8499999999999996
1.1590156603816708,2019,410.08,3.1404854900880625,0.01585015,0.40463143,2.397656662,477.3249285,341.9929617,1.8499999999999996
1.210722864327292,2020,412.44,3.171186347569866,0.01585015,0.40463143,2.397656662,477.3249285,341.9929617,1.8499999999999996
0.9720617508457176,2021,414.7,3.200422099893738,0.01585015,0.40463143,2.397656662,477.3249285,341.9929617,1.8499999999999996
1.057928703141366,2022,417.08,3.2310384521731907,0.01585015,0.40463143,2.397656662,477.3249285,341.9929617,1.8499999999999996
1.299612776948262,2023,419.33,3.259822252071449,0.01585015,0.40463143,2.397656662,477.3249285,341.9929617,1.8499999999999996
1.4061885374399845,2024,424.61,3.326766273142051,0.01585015,0.40463143,2.397656662,477.3249285,341.9929617,1.8499999999999996
